/home/meho/LintianBrushSplitDetection-tasks/openssl/.git/refs/heads/debian/unstable
/home/meho/LintianBrushSplitDetection-tasks/openssl/.git/refs/heads/debian/unstable
/home/meho/LintianBrushSplitDetection-tasks/openssl/.git/refs/tags/debian/openssl-1.1.1__pre6-1
/home/meho/LintianBrushSplitDetection-tasks/openssl/.git/refs/tags/debian/openssl-3.0.5-2
/home/meho/LintianBrushSplitDetection-tasks/openssl/.git/refs/tags/debian/openssl-3.5.0-1
/home/meho/LintianBrushSplitDetection-tasks/openssl/.git/refs/tags/debian/openssl-0.9.8k-8
/home/meho/LintianBrushSplitDetection-tasks/openssl/.git/refs/tags/debian/openssl-3.3.2-1
/home/meho/LintianBrushSplitDetection-tasks/openssl/.git/refs/tags/debian/openssl-0.9.8g-16
/home/meho/LintianBrushSplitDetection-tasks/openssl/.git/refs/tags/debian/openssl-1.0.1a-1
/home/meho/LintianBrushSplitDetection-tasks/openssl/.git/refs/tags/debian/openssl-1.1.1-2
/home/meho/LintianBrushSplitDetection-tasks/openssl/.git/refs/tags/debian/openssl-1.0.2%7Ebeta1-1
/home/meho/LintianBrushSplitDetection-tasks/openssl/.git/refs/tags/debian/openssl-1.1.1m-1
/home/meho/LintianBrushSplitDetection-tasks/openssl/.git/refs/tags/debian/openssl-1.1.1h-1
/home/meho/LintianBrushSplitDetection-tasks/openssl/.git/refs/tags/debian/openssl-0.9.8m-2
/home/meho/LintianBrushSplitDetection-tasks/openssl/.git/refs/tags/debian/openssl-0.9.8e-5
/home/meho/LintianBrushSplitDetection-tasks/openssl/.git/refs/tags/debian/openssl-1.0.0c-1
/home/meho/LintianBrushSplitDetection-tasks/openssl/.git/refs/tags/debian/openssl-3.2.2-1
/home/meho/LintianBrushSplitDetection-tasks/openssl/.git/refs/tags/debian/openssl-3.0.3-8
/home/meho/LintianBrushSplitDetection-tasks/openssl/.git/refs/tags/debian/openssl-3.4.0-1
/home/meho/LintianBrushSplitDetection-tasks/openssl/.git/refs/tags/debian/openssl-1.0.1-4
/home/meho/LintianBrushSplitDetection-tasks/openssl/.git/refs/tags/debian/openssl-1.0.1e-3
/home/meho/LintianBrushSplitDetection-tasks/openssl/.git/refs/tags/debian/openssl-0.9.8b-1
/home/meho/LintianBrushSplitDetection-tasks/openssl/.git/refs/tags/debian/openssl-3.2.1-3
/home/meho/LintianBrushSplitDetection-tasks/openssl/.git/refs/tags/debian/openssl-3.3.1-7
/home/meho/LintianBrushSplitDetection-tasks/openssl/.git/refs/tags/debian/openssl-0.9.8k-2
/home/meho/LintianBrushSplitDetection-tasks/openssl/.git/refs/remotes/origin/debian/unstable
/home/meho/LintianBrushSplitDetection-tasks/openssl/.git/refs/tags/debian/openssl-0.9.8b-3
/home/meho/LintianBrushSplitDetection-tasks/openssl/.git/refs/tags/debian/openssl-0.9.8b-2
/home/meho/LintianBrushSplitDetection-tasks/openssl/.git/refs/tags/debian/openssl-0.9.8k-7
/home/meho/LintianBrushSplitDetection-tasks/openssl/.git/refs/tags/debian/openssl-3.3.1-2
/home/meho/LintianBrushSplitDetection-tasks/openssl/.git/refs/tags/debian/openssl-3.2.1-2
/home/meho/LintianBrushSplitDetection-tasks/openssl/.git/refs/tags/debian/openssl-3.6.0__alpha1-1
/home/meho/LintianBrushSplitDetection-tasks/openssl/.git/refs/tags/debian/openssl-3.0.3-1
/home/meho/LintianBrushSplitDetection-tasks/openssl/.git/refs/tags/debian/openssl-1.0.0e-1
/home/meho/LintianBrushSplitDetection-tasks/openssl/.git/refs/tags/debian/openssl-1.0.0d-1
/home/meho/LintianBrushSplitDetection-tasks/openssl/.git/refs/tags/debian/openssl-3.0.9-1
/home/meho/LintianBrushSplitDetection-tasks/openssl/.git/refs/tags/debian/openssl-3.1.4-1
/home/meho/LintianBrushSplitDetection-tasks/openssl/.git/refs/tags/debian/openssl-3.4.0__beta1-1
/home/meho/LintianBrushSplitDetection-tasks/openssl/.git/refs/tags/debian/openssl-3.3.1-6
/home/meho/LintianBrushSplitDetection-tasks/openssl/.git/refs/tags/debian/openssl-3.6.1-1
/home/meho/LintianBrushSplitDetection-tasks/openssl/.git/refs/tags/debian/openssl-0.9.8e-3
/home/meho/LintianBrushSplitDetection-tasks/openssl/.git/refs/tags/debian/openssl-0.9.8a-6
/home/meho/LintianBrushSplitDetection-tasks/openssl/.git/refs/tags/debian/openssl-1.1.1i-1
/home/meho/LintianBrushSplitDetection-tasks/openssl/.git/refs/tags/debian/openssl-3.0.5-1
/home/meho/LintianBrushSplitDetection-tasks/openssl/.git/refs/tags/debian/openssl-3.0.0__alpha13-1
/home/meho/LintianBrushSplitDetection-tasks/openssl/.git/refs/tags/debian/openssl-3.6.1-2
/home/meho/LintianBrushSplitDetection-tasks/openssl/.git/refs/tags/debian/openssl-1.1.0h-3
/home/meho/LintianBrushSplitDetection-tasks/openssl/.git/refs/tags/debian/openssl-0.9.8g-13
/home/meho/LintianBrushSplitDetection-tasks/openssl/.git/refs/tags/debian/openssl-3.0.10-1
/home/meho/LintianBrushSplitDetection-tasks/openssl/.git/refs/tags/debian/openssl-3.0.0__alpha16-1
/home/meho/LintianBrushSplitDetection-tasks/openssl/.git/refs/tags/debian/openssl-3.0.0__alpha4-1
/home/meho/LintianBrushSplitDetection-tasks/openssl/.git/refs/tags/debian/openssl-0.9.8o-1
/home/meho/LintianBrushSplitDetection-tasks/openssl/.git/refs/tags/debian/openssl-1.1.1e-1
/home/meho/LintianBrushSplitDetection-tasks/openssl/.git/refs/tags/debian/openssl-3.0.8-1
/home/meho/LintianBrushSplitDetection-tasks/openssl/.git/refs/tags/debian/openssl-3.0.12-1
/home/meho/LintianBrushSplitDetection-tasks/openssl/.git/refs/tags/debian/openssl-0.9.8g-5
/home/meho/LintianBrushSplitDetection-tasks/openssl/.git/refs/heads/debian/unstable
/home/meho/LintianBrushSplitDetection-tasks/openssl/.git/refs/tags/debian/openssl-1.0.2g-2
/home/meho/LintianBrushSplitDetection-tasks/openssl/.git/refs/tags/debian/openssl-1.1.1n-1
/home/meho/LintianBrushSplitDetection-tasks/openssl/.git/refs/tags/debian/openssl-0.9.8g-8
/home/meho/LintianBrushSplitDetection-tasks/openssl/.git/refs/tags/debian/openssl-3.1.5-1
/home/meho/LintianBrushSplitDetection-tasks/openssl/.git/refs/tags/debian/openssl-0.9.8g-7
/home/meho/LintianBrushSplitDetection-tasks/openssl/.git/refs/tags/debian/openssl-0.9.8k-6
/home/meho/LintianBrushSplitDetection-tasks/openssl/.git/refs/tags/debian/openssl-1.0.2d-3
/home/meho/LintianBrushSplitDetection-tasks/openssl/.git/refs/tags/debian/openssl-0.9.8k-5
/home/meho/LintianBrushSplitDetection-tasks/openssl/.git/refs/tags/debian/openssl-3.5.1-1
/home/meho/LintianBrushSplitDetection-tasks/openssl/.git/refs/tags/debian/openssl-1.1.0g-2
/home/meho/LintianBrushSplitDetection-tasks/openssl/.git/refs/tags/debian/openssl-3.0.3-7
/home/meho/LintianBrushSplitDetection-tasks/openssl/.git/refs/tags/debian/openssl-1.0.0e-2
/home/meho/LintianBrushSplitDetection-tasks/openssl/.git/refs/tags/debian/openssl-1.1.0h-1
/home/meho/LintianBrushSplitDetection-tasks/openssl/.git/refs/tags/debian/openssl-1.1.1j-1
/home/meho/LintianBrushSplitDetection-tasks/openssl/.git/refs/tags/debian/openssl-1.1.1__pre3-1
/home/meho/LintianBrushSplitDetection-tasks/openssl/.git/refs/tags/debian/openssl-1.1.1__pre4-1
/home/meho/LintianBrushSplitDetection-tasks/openssl/.git/refs/tags/debian/openssl-0.9.8a-1
/home/meho/LintianBrushSplitDetection-tasks/openssl/.git/refs/tags/debian/openssl-0.9.7g-2
/home/meho/LintianBrushSplitDetection-tasks/openssl/.git/refs/tags/debian/openssl-3.2.0-2
/home/meho/LintianBrushSplitDetection-tasks/openssl/.git/refs/tags/debian/openssl-1.1.1c-1
/home/meho/LintianBrushSplitDetection-tasks/openssl/.git/refs/tags/debian/openssl-3.1.0-1
/home/meho/LintianBrushSplitDetection-tasks/openssl/.git/refs/tags/debian/openssl-1.0.2b-1
/home/meho/LintianBrushSplitDetection-tasks/openssl/.git/refs/tags/debian/openssl-0.9.8o-4
/home/meho/LintianBrushSplitDetection-tasks/openssl/.git/refs/tags/debian/openssl-3.0.3-5
/home/meho/LintianBrushSplitDetection-tasks/openssl/.git/refs/tags/debian/openssl-3.5.2-1
/home/meho/LintianBrushSplitDetection-tasks/openssl/.git/refs/tags/debian/openssl-0.9.8a-3
/home/meho/LintianBrushSplitDetection-tasks/openssl/.git/refs/tags/debian/openssl-0.9.8e-9
/home/meho/LintianBrushSplitDetection-tasks/openssl/.git/refs/tags/debian/openssl-1.0.1e-2
/home/meho/LintianBrushSplitDetection-tasks/openssl/.git/refs/tags/debian/openssl-3.5.0-2
/home/meho/LintianBrushSplitDetection-tasks/openssl/.git/refs/tags/debian/openssl-1.0.1-1
/home/meho/LintianBrushSplitDetection-tasks/openssl/.git/refs/tags/debian/openssl-3.0.5-3
/home/meho/LintianBrushSplitDetection-tasks/openssl/.git/refs/tags/debian/openssl-0.9.8g-9
/home/meho/LintianBrushSplitDetection-tasks/openssl/.git/refs/tags/debian/openssl-1.1.1__pre7-1
/home/meho/LintianBrushSplitDetection-tasks/openssl/.git/refs/tags/debian/openssl-3.0.11-1
/home/meho/LintianBrushSplitDetection-tasks/openssl/.git/refs/tags/debian/openssl-0.9.8g-2
/home/meho/LintianBrushSplitDetection-tasks/openssl/.git/refs/tags/debian/openssl-3.0.1-1
/home/meho/LintianBrushSplitDetection-tasks/openssl/.git/refs/tags/debian/openssl-1.1.1__pre8-1
/home/meho/LintianBrushSplitDetection-tasks/openssl/.git/refs/tags/debian/openssl-0.9.8c-2
/home/meho/LintianBrushSplitDetection-tasks/openssl/.git/refs/tags/debian/openssl-0.9.8g-3
/home/meho/LintianBrushSplitDetection-tasks/openssl/.git/refs/tags/debian/openssl-1.1.1o-1
/home/meho/LintianBrushSplitDetection-tasks/openssl/.git/refs/tags/debian/openssl-3.0.2-1
/home/meho/LintianBrushSplitDetection-tasks/openssl/.git/refs/tags/debian/openssl-0.9.8g-1
/home/meho/LintianBrushSplitDetection-tasks/openssl/.git/refs/tags/debian/openssl-3.0.7-1
/home/meho/LintianBrushSplitDetection-tasks/openssl/.git/refs/tags/debian/openssl-3.0.3-6
/home/meho/LintianBrushSplitDetection-tasks/openssl/.git/refs/tags/debian/openssl-3.1.4-2
/home/meho/LintianBrushSplitDetection-tasks/openssl/.git/refs/tags/debian/openssl-0.9.8k-3
/home/meho/LintianBrushSplitDetection-tasks/openssl/.git/refs/tags/debian/openssl-1.0.1e-5
/home/meho/LintianBrushSplitDetection-tasks/openssl/.git/refs/tags/debian/openssl-0.9.8g-14
/home/meho/LintianBrushSplitDetection-tasks/openssl/.git/refs/tags/debian/openssl-0.9.8k-1
/home/meho/LintianBrushSplitDetection-tasks/openssl/.git/refs/tags/debian/openssl-3.0.12-2
/home/meho/LintianBrushSplitDetection-tasks/openssl/.git/refs/tags/debian/openssl-1.1.1b-1
/home/meho/LintianBrushSplitDetection-tasks/openssl/.git/refs/tags/debian/openssl-3.3.0-1
/home/meho/LintianBrushSplitDetection-tasks/openssl/.git/refs/tags/debian/openssl-3.0.5-4
/home/meho/LintianBrushSplitDetection-tasks/openssl/.git/refs/tags/debian/openssl-1.1.1i-2
/home/meho/LintianBrushSplitDetection-tasks/openssl/.git/refs/tags/debian/openssl-0.9.8e-8
/home/meho/LintianBrushSplitDetection-tasks/openssl/.git/refs/tags/debian/openssl-3.5.0__alpha1-1
/home/meho/LintianBrushSplitDetection-tasks/openssl/.git/refs/tags/debian/openssl-1.0.1-2
/home/meho/LintianBrushSplitDetection-tasks/openssl/.git/refs/tags/debian/openssl-1.1.1k-1
/home/meho/LintianBrushSplitDetection-tasks/openssl/.git/refs/tags/debian/openssl-3.0.0__alpha3-1
/home/meho/LintianBrushSplitDetection-tasks/openssl/.git/refs/tags/debian/openssl-3.0.0__beta1-1
/home/meho/LintianBrushSplitDetection-tasks/openssl/.git/refs/tags/debian/openssl-3.4.0-2
/home/meho/LintianBrushSplitDetection-tasks/openssl/.git/refs/tags/debian/openssl-1.1.1a-1
/home/meho/LintianBrushSplitDetection-tasks/openssl/.git/refs/tags/debian/openssl-0.9.8o-3
/home/meho/LintianBrushSplitDetection-tasks/openssl/.git/refs/tags/debian/openssl-0.9.8a-5
/home/meho/LintianBrushSplitDetection-tasks/openssl/.git/refs/tags/debian/openssl-0.9.7g-1
/home/meho/LintianBrushSplitDetection-tasks/openssl/.git/refs/tags/debian/openssl-3.5.5-1
/home/meho/LintianBrushSplitDetection-tasks/openssl/.git/refs/tags/debian/openssl-0.9.8g-11
/home/meho/LintianBrushSplitDetection-tasks/openssl/.git/refs/tags/debian/openssl-1.0.1e-4
/home/meho/LintianBrushSplitDetection-tasks/openssl/.git/refs/tags/debian/openssl-0.9.8e-2
/home/meho/LintianBrushSplitDetection-tasks/openssl/.git/refs/tags/debian/openssl-3.0.7-2
/home/meho/LintianBrushSplitDetection-tasks/openssl/.git/refs/tags/debian/openssl-0.9.8-2
/home/meho/LintianBrushSplitDetection-tasks/openssl/.git/refs/remotes/origin/debian/unstable
/home/meho/LintianBrushSplitDetection-tasks/openssl/.git/refs/tags/debian/openssl-1.1.1f-1
/home/meho/LintianBrushSplitDetection-tasks/openssl/.git/refs/tags/debian/openssl-3.0.3-2
/home/meho/LintianBrushSplitDetection-tasks/openssl/.git/refs/tags/debian/openssl-3.0.3-3
/home/meho/LintianBrushSplitDetection-tasks/openssl/.git/refs/tags/debian/openssl-3.3.2-2
/home/meho/LintianBrushSplitDetection-tasks/openssl/.git/refs/tags/debian/openssl-3.5.3-1
/home/meho/LintianBrushSplitDetection-tasks/openssl/.git/refs/tags/debian/openssl-1.1.1__pre1-1
/home/meho/LintianBrushSplitDetection-tasks/openssl/.git/refs/tags/debian/openssl-1.1.1g-1
/home/meho/LintianBrushSplitDetection-tasks/openssl/.git/refs/tags/debian/openssl-3.1.5-1.1
/home/meho/LintianBrushSplitDetection-tasks/openssl/.git/refs/tags/debian/openssl-3.3.1-5
/home/meho/LintianBrushSplitDetection-tasks/openssl/.git/refs/tags/debian/openssl-3.1.2-1
/home/meho/LintianBrushSplitDetection-tasks/openssl/.git/refs/tags/debian/openssl-1.1.1d-1
/home/meho/LintianBrushSplitDetection-tasks/openssl/.git/refs/tags/debian/openssl-1.1.0f-5
/home/meho/LintianBrushSplitDetection-tasks/openssl/.git/refs/tags/debian/openssl-1.0.0d-3
/home/meho/LintianBrushSplitDetection-tasks/openssl/.git/refs/tags/debian/openssl-3.0.4-1
/home/meho/LintianBrushSplitDetection-tasks/openssl/.git/refs/tags/debian/openssl-1.1.1__pre6-2
/home/meho/LintianBrushSplitDetection-tasks/openssl/.git/refs/tags/debian/openssl-0.9.8g-10
/home/meho/LintianBrushSplitDetection-tasks/openssl/.git/refs/tags/debian/openssl-3.6.0-2
/home/meho/LintianBrushSplitDetection-tasks/openssl/.git/refs/tags/debian/openssl-0.9.8n-1
/home/meho/LintianBrushSplitDetection-tasks/openssl/.git/refs/tags/debian/openssl-0.9.8c-3
/home/meho/LintianBrushSplitDetection-tasks/openssl/.git/refs/tags/debian/openssl-3.0.0-1
/home/meho/LintianBrushSplitDetection-tasks/openssl/.git/refs/tags/debian/openssl-3.6.0__beta1-1
/home/meho/LintianBrushSplitDetection-tasks/openssl/.git/refs/tags/debian/openssl-3.4.0__beta1-2
/home/meho/LintianBrushSplitDetection-tasks/openssl/.git/refs/tags/debian/openssl-0.9.8-1
/home/meho/LintianBrushSplitDetection-tasks/openssl/.git/refs/tags/debian/openssl-0.9.8a-8
/home/meho/LintianBrushSplitDetection-tasks/openssl/.git/refs/tags/debian/openssl-3.0.3-4
/home/meho/LintianBrushSplitDetection-tasks/openssl/.git/refs/tags/debian/openssl-0.9.8g-4
/home/meho/LintianBrushSplitDetection-tasks/openssl/.git/refs/tags/debian/openssl-0.9.8e-4
/home/meho/LintianBrushSplitDetection-tasks/openssl/.git/refs/tags/debian/openssl-1.0.0e-3
/home/meho/LintianBrushSplitDetection-tasks/openssl/.git/refs/tags/debian/openssl-1.1.0h-2
/home/meho/LintianBrushSplitDetection-tasks/openssl/.git/refs/tags/debian/openssl-0.9.8g-12
/home/meho/LintianBrushSplitDetection-tasks/openssl/.git/refs/tags/debian/openssl-1.0.0h-1
/home/meho/LintianBrushSplitDetection-tasks/openssl/.git/refs/tags/debian/openssl-1.0.1f-1
/home/meho/LintianBrushSplitDetection-tasks/openssl/.git/refs/tags/debian/openssl-3.2.1-1
/home/meho/LintianBrushSplitDetection-tasks/openssl/.git/refs/tags/debian/openssl-1.1.1__pre2-1
/home/meho/LintianBrushSplitDetection-tasks/openssl/.git/refs/tags/debian/openssl-0.9.7g-3
/home/meho/LintianBrushSplitDetection-tasks/openssl/.git/refs/tags/debian/openssl-0.9.8c-1
/home/meho/LintianBrushSplitDetection-tasks/openssl/.git/refs/tags/debian/openssl-3.5.4-1
/home/meho/LintianBrushSplitDetection-tasks/openssl/.git/refs/tags/debian/openssl-3.3.0_beta1-1
/home/meho/LintianBrushSplitDetection-tasks/openssl/.git/refs/tags/debian/openssl-1.1.1-1
/home/meho/LintianBrushSplitDetection-tasks/openssl/.git/refs/tags/debian/openssl-1.0.1c-4
/home/meho/LintianBrushSplitDetection-tasks/openssl/.git/refs/tags/debian/openssl-3.0.4-2
/home/meho/LintianBrushSplitDetection-tasks/openssl/.git/refs/tags/debian/openssl-3.2.0-1
/home/meho/LintianBrushSplitDetection-tasks/openssl/.git/refs/tags/debian/openssl-1.0.1a-3
/home/meho/LintianBrushSplitDetection-tasks/openssl/.git/refs/tags/debian/openssl-1.1.1i-3
/home/meho/LintianBrushSplitDetection-tasks/openssl/.git/refs/tags/debian/openssl-1.1.0g-1
/home/meho/LintianBrushSplitDetection-tasks/openssl/.git/refs/tags/debian/openssl-0.9.8c-4
/home/meho/LintianBrushSplitDetection-tasks/openssl/.git/refs/tags/debian/openssl-1.1.0h-4
/home/meho/LintianBrushSplitDetection-tasks/openssl/.git/refs/tags/debian/openssl-3.1.3-1
/home/meho/LintianBrushSplitDetection-tasks/openssl/.git/refs/tags/debian/openssl-0.9.8g-15
/home/meho/LintianBrushSplitDetection-tasks/openssl/.git/refs/tags/debian/openssl-3.2.1-1.1_exp1
/home/meho/LintianBrushSplitDetection-tasks/openssl/.git/refs/tags/debian/openssl-0.9.8m-1
/home/meho/LintianBrushSplitDetection-tasks/openssl/.git/refs/tags/debian/openssl-3.0.0__alpha13-2
/home/meho/LintianBrushSplitDetection-tasks/openssl/.git/refs/tags/debian/openssl-1.0.1c-2
/home/meho/LintianBrushSplitDetection-tasks/openssl/.git/refs/tags/debian/openssl-1.0.1b-1
/home/meho/LintianBrushSplitDetection-tasks/openssl/.git/refs/tags/debian/openssl-1.0.1e-6
/home/meho/LintianBrushSplitDetection-tasks/openssl/.git/refs/tags/debian/openssl-1.1.1d-2
/home/meho/LintianBrushSplitDetection-tasks/openssl/.git/refs/tags/debian/openssl-1.1.1l-1
/home/meho/LintianBrushSplitDetection-tasks/openssl/.git/refs/heads/debian/unstable
/home/meho/LintianBrushSplitDetection-tasks/openssl/.git/refs/tags/debian/openssl-0.9.8k-4
/home/meho/LintianBrushSplitDetection-tasks/openssl/.git/refs/tags/debian/openssl-1.1.1__pre6-1
/home/meho/LintianBrushSplitDetection-tasks/openssl/.git/refs/tags/debian/openssl-3.0.5-2
/home/meho/LintianBrushSplitDetection-tasks/openssl/.git/refs/tags/debian/openssl-3.5.0-1
/home/meho/LintianBrushSplitDetection-tasks/openssl/.git/refs/tags/debian/openssl-0.9.8k-8
/home/meho/LintianBrushSplitDetection-tasks/openssl/.git/refs/tags/debian/openssl-3.3.2-1
/home/meho/LintianBrushSplitDetection-tasks/openssl/.git/refs/tags/debian/openssl-0.9.8g-16
/home/meho/LintianBrushSplitDetection-tasks/openssl/.git/refs/tags/debian/openssl-1.0.1a-1
/home/meho/LintianBrushSplitDetection-tasks/openssl/.git/refs/tags/debian/openssl-1.1.1-2
/home/meho/LintianBrushSplitDetection-tasks/openssl/.git/refs/tags/debian/openssl-1.0.2%7Ebeta1-1
/home/meho/LintianBrushSplitDetection-tasks/openssl/.git/refs/tags/debian/openssl-1.1.1m-1
/home/meho/LintianBrushSplitDetection-tasks/openssl/.git/refs/tags/debian/openssl-1.1.1h-1
/home/meho/LintianBrushSplitDetection-tasks/openssl/.git/refs/tags/debian/openssl-0.9.8m-2
/home/meho/LintianBrushSplitDetection-tasks/openssl/.git/refs/tags/debian/openssl-0.9.8e-5
/home/meho/LintianBrushSplitDetection-tasks/openssl/.git/refs/tags/debian/openssl-1.0.0c-1
/home/meho/LintianBrushSplitDetection-tasks/openssl/.git/refs/tags/debian/openssl-3.2.2-1
/home/meho/LintianBrushSplitDetection-tasks/openssl/.git/refs/tags/debian/openssl-3.0.3-8
/home/meho/LintianBrushSplitDetection-tasks/openssl/.git/refs/tags/debian/openssl-3.4.0-1
/home/meho/LintianBrushSplitDetection-tasks/openssl/.git/refs/tags/debian/openssl-1.0.1-4
/home/meho/LintianBrushSplitDetection-tasks/openssl/.git/refs/tags/debian/openssl-1.0.1e-3
/home/meho/LintianBrushSplitDetection-tasks/openssl/.git/refs/tags/debian/openssl-0.9.8b-1
/home/meho/LintianBrushSplitDetection-tasks/openssl/.git/refs/tags/debian/openssl-3.2.1-3
/home/meho/LintianBrushSplitDetection-tasks/openssl/.git/refs/tags/debian/openssl-3.3.1-7
/home/meho/LintianBrushSplitDetection-tasks/openssl/.git/refs/tags/debian/openssl-0.9.8k-2
/home/meho/LintianBrushSplitDetection-tasks/openssl/.git/refs/remotes/origin/debian/unstable
/home/meho/LintianBrushSplitDetection-tasks/openssl/.git/refs/tags/debian/openssl-0.9.8b-3
/home/meho/LintianBrushSplitDetection-tasks/openssl/.git/refs/tags/debian/openssl-0.9.8b-2
/home/meho/LintianBrushSplitDetection-tasks/openssl/.git/refs/tags/debian/openssl-0.9.8k-7
/home/meho/LintianBrushSplitDetection-tasks/openssl/.git/refs/tags/debian/openssl-3.3.1-2
/home/meho/LintianBrushSplitDetection-tasks/openssl/.git/refs/tags/debian/openssl-3.2.1-2
/home/meho/LintianBrushSplitDetection-tasks/openssl/.git/refs/tags/debian/openssl-3.6.0__alpha1-1
/home/meho/LintianBrushSplitDetection-tasks/openssl/.git/refs/tags/debian/openssl-3.0.3-1
/home/meho/LintianBrushSplitDetection-tasks/openssl/.git/refs/tags/debian/openssl-1.0.0e-1
/home/meho/LintianBrushSplitDetection-tasks/openssl/.git/refs/tags/debian/openssl-1.0.0d-1
/home/meho/LintianBrushSplitDetection-tasks/openssl/.git/refs/tags/debian/openssl-3.0.9-1
/home/meho/LintianBrushSplitDetection-tasks/openssl/.git/refs/tags/debian/openssl-3.1.4-1
/home/meho/LintianBrushSplitDetection-tasks/openssl/.git/refs/tags/debian/openssl-3.4.0__beta1-1
/home/meho/LintianBrushSplitDetection-tasks/openssl/.git/refs/tags/debian/openssl-3.3.1-6
/home/meho/LintianBrushSplitDetection-tasks/openssl/.git/refs/tags/debian/openssl-3.6.1-1
/home/meho/LintianBrushSplitDetection-tasks/openssl/.git/refs/tags/debian/openssl-0.9.8e-3
/home/meho/LintianBrushSplitDetection-tasks/openssl/.git/refs/tags/debian/openssl-0.9.8a-6
/home/meho/LintianBrushSplitDetection-tasks/openssl/.git/refs/tags/debian/openssl-1.1.1i-1
/home/meho/LintianBrushSplitDetection-tasks/openssl/.git/refs/tags/debian/openssl-3.0.5-1
/home/meho/LintianBrushSplitDetection-tasks/openssl/.git/refs/tags/debian/openssl-3.0.0__alpha13-1
/home/meho/LintianBrushSplitDetection-tasks/openssl/.git/refs/tags/debian/openssl-3.6.1-2
/home/meho/LintianBrushSplitDetection-tasks/openssl/.git/refs/tags/debian/openssl-1.1.0h-3
/home/meho/LintianBrushSplitDetection-tasks/openssl/.git/refs/tags/debian/openssl-0.9.8g-13
/home/meho/LintianBrushSplitDetection-tasks/openssl/.git/refs/tags/debian/openssl-3.0.10-1
/home/meho/LintianBrushSplitDetection-tasks/openssl/.git/refs/tags/debian/openssl-3.0.0__alpha16-1
/home/meho/LintianBrushSplitDetection-tasks/openssl/.git/refs/tags/debian/openssl-3.0.0__alpha4-1
/home/meho/LintianBrushSplitDetection-tasks/openssl/.git/refs/tags/debian/openssl-0.9.8o-1
/home/meho/LintianBrushSplitDetection-tasks/openssl/.git/refs/tags/debian/openssl-1.1.1e-1
/home/meho/LintianBrushSplitDetection-tasks/openssl/.git/refs/tags/debian/openssl-3.0.8-1
/home/meho/LintianBrushSplitDetection-tasks/openssl/.git/refs/tags/debian/openssl-3.0.12-1
/home/meho/LintianBrushSplitDetection-tasks/openssl/.git/refs/tags/debian/openssl-0.9.8g-5
/home/meho/LintianBrushSplitDetection-tasks/openssl/.git/refs/heads/debian/unstable
/home/meho/LintianBrushSplitDetection-tasks/openssl/.git/refs/tags/debian/openssl-1.0.2g-2
/home/meho/LintianBrushSplitDetection-tasks/openssl/.git/refs/tags/debian/openssl-1.1.1n-1
/home/meho/LintianBrushSplitDetection-tasks/openssl/.git/refs/tags/debian/openssl-0.9.8g-8
/home/meho/LintianBrushSplitDetection-tasks/openssl/.git/refs/tags/debian/openssl-3.1.5-1
/home/meho/LintianBrushSplitDetection-tasks/openssl/.git/refs/tags/debian/openssl-0.9.8g-7
/home/meho/LintianBrushSplitDetection-tasks/openssl/.git/refs/tags/debian/openssl-0.9.8k-6
/home/meho/LintianBrushSplitDetection-tasks/openssl/.git/refs/tags/debian/openssl-1.0.2d-3
/home/meho/LintianBrushSplitDetection-tasks/openssl/.git/refs/tags/debian/openssl-0.9.8k-5
/home/meho/LintianBrushSplitDetection-tasks/openssl/.git/refs/tags/debian/openssl-3.5.1-1
/home/meho/LintianBrushSplitDetection-tasks/openssl/.git/refs/tags/debian/openssl-1.1.0g-2
/home/meho/LintianBrushSplitDetection-tasks/openssl/.git/refs/tags/debian/openssl-3.0.3-7
/home/meho/LintianBrushSplitDetection-tasks/openssl/.git/refs/tags/debian/openssl-1.0.0e-2
/home/meho/LintianBrushSplitDetection-tasks/openssl/.git/refs/tags/debian/openssl-1.1.0h-1
/home/meho/LintianBrushSplitDetection-tasks/openssl/.git/refs/tags/debian/openssl-1.1.1j-1
/home/meho/LintianBrushSplitDetection-tasks/openssl/.git/refs/tags/debian/openssl-1.1.1__pre3-1
/home/meho/LintianBrushSplitDetection-tasks/openssl/.git/refs/tags/debian/openssl-1.1.1__pre4-1
/home/meho/LintianBrushSplitDetection-tasks/openssl/.git/refs/tags/debian/openssl-0.9.8a-1
/home/meho/LintianBrushSplitDetection-tasks/openssl/.git/refs/tags/debian/openssl-0.9.7g-2
/home/meho/LintianBrushSplitDetection-tasks/openssl/.git/refs/tags/debian/openssl-3.2.0-2
/home/meho/LintianBrushSplitDetection-tasks/openssl/.git/refs/tags/debian/openssl-1.1.1c-1
/home/meho/LintianBrushSplitDetection-tasks/openssl/.git/refs/tags/debian/openssl-3.1.0-1
/home/meho/LintianBrushSplitDetection-tasks/openssl/.git/refs/tags/debian/openssl-1.0.2b-1
/home/meho/LintianBrushSplitDetection-tasks/openssl/.git/refs/tags/debian/openssl-0.9.8o-4
/home/meho/LintianBrushSplitDetection-tasks/openssl/.git/refs/tags/debian/openssl-3.0.3-5
/home/meho/LintianBrushSplitDetection-tasks/openssl/.git/refs/tags/debian/openssl-3.5.2-1
/home/meho/LintianBrushSplitDetection-tasks/openssl/.git/refs/tags/debian/openssl-0.9.8a-3
/home/meho/LintianBrushSplitDetection-tasks/openssl/.git/refs/tags/debian/openssl-0.9.8e-9
/home/meho/LintianBrushSplitDetection-tasks/openssl/.git/refs/tags/debian/openssl-1.0.1e-2
/home/meho/LintianBrushSplitDetection-tasks/openssl/.git/refs/tags/debian/openssl-3.5.0-2
/home/meho/LintianBrushSplitDetection-tasks/openssl/.git/refs/tags/debian/openssl-1.0.1-1
/home/meho/LintianBrushSplitDetection-tasks/openssl/.git/refs/tags/debian/openssl-3.0.5-3
/home/meho/LintianBrushSplitDetection-tasks/openssl/.git/refs/tags/debian/openssl-0.9.8g-9
/home/meho/LintianBrushSplitDetection-tasks/openssl/.git/refs/tags/debian/openssl-1.1.1__pre7-1
/home/meho/LintianBrushSplitDetection-tasks/openssl/.git/refs/tags/debian/openssl-3.0.11-1
/home/meho/LintianBrushSplitDetection-tasks/openssl/.git/refs/tags/debian/openssl-0.9.8g-2
/home/meho/LintianBrushSplitDetection-tasks/openssl/.git/refs/tags/debian/openssl-3.0.1-1
/home/meho/LintianBrushSplitDetection-tasks/openssl/.git/refs/tags/debian/openssl-1.1.1__pre8-1
/home/meho/LintianBrushSplitDetection-tasks/openssl/.git/refs/tags/debian/openssl-0.9.8c-2
/home/meho/LintianBrushSplitDetection-tasks/openssl/.git/refs/tags/debian/openssl-0.9.8g-3
/home/meho/LintianBrushSplitDetection-tasks/openssl/.git/refs/tags/debian/openssl-1.1.1o-1
/home/meho/LintianBrushSplitDetection-tasks/openssl/.git/refs/tags/debian/openssl-3.0.2-1
/home/meho/LintianBrushSplitDetection-tasks/openssl/.git/refs/tags/debian/openssl-0.9.8g-1
/home/meho/LintianBrushSplitDetection-tasks/openssl/.git/refs/tags/debian/openssl-3.0.7-1
/home/meho/LintianBrushSplitDetection-tasks/openssl/.git/refs/tags/debian/openssl-3.0.3-6
/home/meho/LintianBrushSplitDetection-tasks/openssl/.git/refs/tags/debian/openssl-3.1.4-2
/home/meho/LintianBrushSplitDetection-tasks/openssl/.git/refs/tags/debian/openssl-0.9.8k-3
/home/meho/LintianBrushSplitDetection-tasks/openssl/.git/refs/tags/debian/openssl-1.0.1e-5
/home/meho/LintianBrushSplitDetection-tasks/openssl/.git/refs/tags/debian/openssl-0.9.8g-14
/home/meho/LintianBrushSplitDetection-tasks/openssl/.git/refs/tags/debian/openssl-0.9.8k-1
/home/meho/LintianBrushSplitDetection-tasks/openssl/.git/refs/tags/debian/openssl-3.0.12-2
/home/meho/LintianBrushSplitDetection-tasks/openssl/.git/refs/tags/debian/openssl-1.1.1b-1
/home/meho/LintianBrushSplitDetection-tasks/openssl/.git/refs/tags/debian/openssl-3.3.0-1
/home/meho/LintianBrushSplitDetection-tasks/openssl/.git/refs/tags/debian/openssl-3.0.5-4
/home/meho/LintianBrushSplitDetection-tasks/openssl/.git/refs/tags/debian/openssl-1.1.1i-2
/home/meho/LintianBrushSplitDetection-tasks/openssl/.git/refs/tags/debian/openssl-0.9.8e-8
/home/meho/LintianBrushSplitDetection-tasks/openssl/.git/refs/tags/debian/openssl-3.5.0__alpha1-1
/home/meho/LintianBrushSplitDetection-tasks/openssl/.git/refs/tags/debian/openssl-1.0.1-2
/home/meho/LintianBrushSplitDetection-tasks/openssl/.git/refs/tags/debian/openssl-1.1.1k-1
/home/meho/LintianBrushSplitDetection-tasks/openssl/.git/refs/tags/debian/openssl-3.0.0__alpha3-1
/home/meho/LintianBrushSplitDetection-tasks/openssl/.git/refs/tags/debian/openssl-3.0.0__beta1-1
/home/meho/LintianBrushSplitDetection-tasks/openssl/.git/refs/tags/debian/openssl-3.4.0-2
/home/meho/LintianBrushSplitDetection-tasks/openssl/.git/refs/tags/debian/openssl-1.1.1a-1
/home/meho/LintianBrushSplitDetection-tasks/openssl/.git/refs/tags/debian/openssl-0.9.8o-3
/home/meho/LintianBrushSplitDetection-tasks/openssl/.git/refs/tags/debian/openssl-0.9.8a-5
/home/meho/LintianBrushSplitDetection-tasks/openssl/.git/refs/tags/debian/openssl-0.9.7g-1
/home/meho/LintianBrushSplitDetection-tasks/openssl/.git/refs/tags/debian/openssl-3.5.5-1
/home/meho/LintianBrushSplitDetection-tasks/openssl/.git/refs/tags/debian/openssl-0.9.8g-11
/home/meho/LintianBrushSplitDetection-tasks/openssl/.git/refs/tags/debian/openssl-1.0.1e-4
/home/meho/LintianBrushSplitDetection-tasks/openssl/.git/refs/tags/debian/openssl-0.9.8e-2
/home/meho/LintianBrushSplitDetection-tasks/openssl/.git/refs/tags/debian/openssl-3.0.7-2
/home/meho/LintianBrushSplitDetection-tasks/openssl/.git/refs/tags/debian/openssl-0.9.8-2
/home/meho/LintianBrushSplitDetection-tasks/openssl/.git/refs/remotes/origin/debian/unstable
/home/meho/LintianBrushSplitDetection-tasks/openssl/.git/refs/tags/debian/openssl-1.1.1f-1
/home/meho/LintianBrushSplitDetection-tasks/openssl/.git/refs/tags/debian/openssl-3.0.3-2
/home/meho/LintianBrushSplitDetection-tasks/openssl/.git/refs/tags/debian/openssl-3.0.3-3
/home/meho/LintianBrushSplitDetection-tasks/openssl/.git/refs/tags/debian/openssl-3.3.2-2
/home/meho/LintianBrushSplitDetection-tasks/openssl/.git/refs/tags/debian/openssl-3.5.3-1
/home/meho/LintianBrushSplitDetection-tasks/openssl/.git/refs/tags/debian/openssl-1.1.1__pre1-1
/home/meho/LintianBrushSplitDetection-tasks/openssl/.git/refs/tags/debian/openssl-1.1.1g-1
/home/meho/LintianBrushSplitDetection-tasks/openssl/.git/refs/tags/debian/openssl-3.1.5-1.1
/home/meho/LintianBrushSplitDetection-tasks/openssl/.git/refs/tags/debian/openssl-3.3.1-5
/home/meho/LintianBrushSplitDetection-tasks/openssl/.git/refs/tags/debian/openssl-3.1.2-1
/home/meho/LintianBrushSplitDetection-tasks/openssl/.git/refs/tags/debian/openssl-1.1.1d-1
/home/meho/LintianBrushSplitDetection-tasks/openssl/.git/refs/tags/debian/openssl-1.1.0f-5
/home/meho/LintianBrushSplitDetection-tasks/openssl/.git/refs/tags/debian/openssl-1.0.0d-3
/home/meho/LintianBrushSplitDetection-tasks/openssl/.git/refs/tags/debian/openssl-3.0.4-1
/home/meho/LintianBrushSplitDetection-tasks/openssl/.git/refs/tags/debian/openssl-1.1.1__pre6-2
/home/meho/LintianBrushSplitDetection-tasks/openssl/.git/refs/tags/debian/openssl-0.9.8g-10
/home/meho/LintianBrushSplitDetection-tasks/openssl/.git/refs/tags/debian/openssl-3.6.0-2
/home/meho/LintianBrushSplitDetection-tasks/openssl/.git/refs/tags/debian/openssl-0.9.8n-1
/home/meho/LintianBrushSplitDetection-tasks/openssl/.git/refs/tags/debian/openssl-0.9.8c-3
/home/meho/LintianBrushSplitDetection-tasks/openssl/.git/refs/tags/debian/openssl-3.0.0-1
/home/meho/LintianBrushSplitDetection-tasks/openssl/.git/refs/tags/debian/openssl-3.6.0__beta1-1
/home/meho/LintianBrushSplitDetection-tasks/openssl/.git/refs/tags/debian/openssl-3.4.0__beta1-2
/home/meho/LintianBrushSplitDetection-tasks/openssl/.git/refs/tags/debian/openssl-0.9.8-1
/home/meho/LintianBrushSplitDetection-tasks/openssl/.git/refs/tags/debian/openssl-0.9.8a-8
/home/meho/LintianBrushSplitDetection-tasks/openssl/.git/refs/tags/debian/openssl-3.0.3-4
/home/meho/LintianBrushSplitDetection-tasks/openssl/.git/refs/tags/debian/openssl-0.9.8g-4
/home/meho/LintianBrushSplitDetection-tasks/openssl/.git/refs/tags/debian/openssl-0.9.8e-4
/home/meho/LintianBrushSplitDetection-tasks/openssl/.git/refs/tags/debian/openssl-1.0.0e-3
/home/meho/LintianBrushSplitDetection-tasks/openssl/.git/refs/tags/debian/openssl-1.1.0h-2
/home/meho/LintianBrushSplitDetection-tasks/openssl/.git/refs/tags/debian/openssl-0.9.8g-12
/home/meho/LintianBrushSplitDetection-tasks/openssl/.git/refs/tags/debian/openssl-1.0.0h-1
/home/meho/LintianBrushSplitDetection-tasks/openssl/.git/refs/tags/debian/openssl-1.0.1f-1
/home/meho/LintianBrushSplitDetection-tasks/openssl/.git/refs/tags/debian/openssl-3.2.1-1
/home/meho/LintianBrushSplitDetection-tasks/openssl/.git/refs/tags/debian/openssl-1.1.1__pre2-1
/home/meho/LintianBrushSplitDetection-tasks/openssl/.git/refs/tags/debian/openssl-0.9.7g-3
/home/meho/LintianBrushSplitDetection-tasks/openssl/.git/refs/tags/debian/openssl-0.9.8c-1
/home/meho/LintianBrushSplitDetection-tasks/openssl/.git/refs/tags/debian/openssl-3.5.4-1
/home/meho/LintianBrushSplitDetection-tasks/openssl/.git/refs/tags/debian/openssl-3.3.0_beta1-1
/home/meho/LintianBrushSplitDetection-tasks/openssl/.git/refs/tags/debian/openssl-1.1.1-1
/home/meho/LintianBrushSplitDetection-tasks/openssl/.git/refs/tags/debian/openssl-1.0.1c-4
/home/meho/LintianBrushSplitDetection-tasks/openssl/.git/refs/tags/debian/openssl-3.0.4-2
/home/meho/LintianBrushSplitDetection-tasks/openssl/.git/refs/tags/debian/openssl-3.2.0-1
/home/meho/LintianBrushSplitDetection-tasks/openssl/.git/refs/tags/debian/openssl-1.0.1a-3
/home/meho/LintianBrushSplitDetection-tasks/openssl/.git/refs/tags/debian/openssl-1.1.1i-3
/home/meho/LintianBrushSplitDetection-tasks/openssl/.git/refs/tags/debian/openssl-1.1.0g-1
/home/meho/LintianBrushSplitDetection-tasks/openssl/.git/refs/tags/debian/openssl-0.9.8c-4
/home/meho/LintianBrushSplitDetection-tasks/openssl/.git/refs/tags/debian/openssl-1.1.0h-4
/home/meho/LintianBrushSplitDetection-tasks/openssl/.git/refs/tags/debian/openssl-3.1.3-1
/home/meho/LintianBrushSplitDetection-tasks/openssl/.git/refs/tags/debian/openssl-0.9.8g-15
/home/meho/LintianBrushSplitDetection-tasks/openssl/.git/refs/tags/debian/openssl-3.2.1-1.1_exp1
/home/meho/LintianBrushSplitDetection-tasks/openssl/.git/refs/tags/debian/openssl-0.9.8m-1
/home/meho/LintianBrushSplitDetection-tasks/openssl/.git/refs/tags/debian/openssl-3.0.0__alpha13-2
/home/meho/LintianBrushSplitDetection-tasks/openssl/.git/refs/tags/debian/openssl-1.0.1c-2
/home/meho/LintianBrushSplitDetection-tasks/openssl/.git/refs/tags/debian/openssl-1.0.1b-1
/home/meho/LintianBrushSplitDetection-tasks/openssl/.git/refs/tags/debian/openssl-1.0.1e-6
/home/meho/LintianBrushSplitDetection-tasks/openssl/.git/refs/tags/debian/openssl-1.1.1d-2
/home/meho/LintianBrushSplitDetection-tasks/openssl/.git/refs/tags/debian/openssl-1.1.1l-1
/home/meho/LintianBrushSplitDetection-tasks/openssl/.git/refs/heads/debian/unstable
/home/meho/LintianBrushSplitDetection-tasks/openssl/.git/refs/tags/debian/openssl-0.9.8k-4
/home/meho/LintianBrushSplitDetection-tasks/openssl/.git/refs/heads/debian/unstable
/home/meho/LintianBrushSplitDetection-tasks/openssl/.git/refs/heads/debian/unstable
/home/meho/LintianBrushSplitDetection-tasks/openssl/.git/refs/tags/debian/openssl-1.1.1__pre6-1
/home/meho/LintianBrushSplitDetection-tasks/openssl/.git/refs/tags/debian/openssl-3.0.5-2
/home/meho/LintianBrushSplitDetection-tasks/openssl/.git/refs/tags/debian/openssl-3.5.0-1
/home/meho/LintianBrushSplitDetection-tasks/openssl/.git/refs/tags/debian/openssl-0.9.8k-8
/home/meho/LintianBrushSplitDetection-tasks/openssl/.git/refs/tags/debian/openssl-3.3.2-1
/home/meho/LintianBrushSplitDetection-tasks/openssl/.git/refs/tags/debian/openssl-0.9.8g-16
/home/meho/LintianBrushSplitDetection-tasks/openssl/.git/refs/tags/debian/openssl-1.0.1a-1
/home/meho/LintianBrushSplitDetection-tasks/openssl/.git/refs/tags/debian/openssl-1.1.1-2
/home/meho/LintianBrushSplitDetection-tasks/openssl/.git/refs/tags/debian/openssl-1.0.2%7Ebeta1-1
/home/meho/LintianBrushSplitDetection-tasks/openssl/.git/refs/tags/debian/openssl-1.1.1m-1
/home/meho/LintianBrushSplitDetection-tasks/openssl/.git/refs/tags/debian/openssl-1.1.1h-1
/home/meho/LintianBrushSplitDetection-tasks/openssl/.git/refs/tags/debian/openssl-0.9.8m-2
/home/meho/LintianBrushSplitDetection-tasks/openssl/.git/refs/tags/debian/openssl-0.9.8e-5
/home/meho/LintianBrushSplitDetection-tasks/openssl/.git/refs/tags/debian/openssl-1.0.0c-1
/home/meho/LintianBrushSplitDetection-tasks/openssl/.git/refs/tags/debian/openssl-3.2.2-1
/home/meho/LintianBrushSplitDetection-tasks/openssl/.git/refs/tags/debian/openssl-3.0.3-8
/home/meho/LintianBrushSplitDetection-tasks/openssl/.git/refs/tags/debian/openssl-3.4.0-1
/home/meho/LintianBrushSplitDetection-tasks/openssl/.git/refs/tags/debian/openssl-1.0.1-4
/home/meho/LintianBrushSplitDetection-tasks/openssl/.git/refs/tags/debian/openssl-1.0.1e-3
/home/meho/LintianBrushSplitDetection-tasks/openssl/.git/refs/tags/debian/openssl-0.9.8b-1
/home/meho/LintianBrushSplitDetection-tasks/openssl/.git/refs/tags/debian/openssl-3.2.1-3
/home/meho/LintianBrushSplitDetection-tasks/openssl/.git/refs/tags/debian/openssl-3.3.1-7
/home/meho/LintianBrushSplitDetection-tasks/openssl/.git/refs/tags/debian/openssl-0.9.8k-2
/home/meho/LintianBrushSplitDetection-tasks/openssl/.git/refs/remotes/origin/debian/unstable
/home/meho/LintianBrushSplitDetection-tasks/openssl/.git/refs/tags/debian/openssl-0.9.8b-3
/home/meho/LintianBrushSplitDetection-tasks/openssl/.git/refs/tags/debian/openssl-0.9.8b-2
/home/meho/LintianBrushSplitDetection-tasks/openssl/.git/refs/tags/debian/openssl-0.9.8k-7
/home/meho/LintianBrushSplitDetection-tasks/openssl/.git/refs/tags/debian/openssl-3.3.1-2
/home/meho/LintianBrushSplitDetection-tasks/openssl/.git/refs/tags/debian/openssl-3.2.1-2
/home/meho/LintianBrushSplitDetection-tasks/openssl/.git/refs/tags/debian/openssl-3.6.0__alpha1-1
/home/meho/LintianBrushSplitDetection-tasks/openssl/.git/refs/tags/debian/openssl-3.0.3-1
/home/meho/LintianBrushSplitDetection-tasks/openssl/.git/refs/tags/debian/openssl-1.0.0e-1
/home/meho/LintianBrushSplitDetection-tasks/openssl/.git/refs/tags/debian/openssl-1.0.0d-1
/home/meho/LintianBrushSplitDetection-tasks/openssl/.git/refs/tags/debian/openssl-3.0.9-1
/home/meho/LintianBrushSplitDetection-tasks/openssl/.git/refs/tags/debian/openssl-3.1.4-1
/home/meho/LintianBrushSplitDetection-tasks/openssl/.git/refs/tags/debian/openssl-3.4.0__beta1-1
/home/meho/LintianBrushSplitDetection-tasks/openssl/.git/refs/tags/debian/openssl-3.3.1-6
/home/meho/LintianBrushSplitDetection-tasks/openssl/.git/refs/tags/debian/openssl-3.6.1-1
/home/meho/LintianBrushSplitDetection-tasks/openssl/.git/refs/tags/debian/openssl-0.9.8e-3
/home/meho/LintianBrushSplitDetection-tasks/openssl/.git/refs/tags/debian/openssl-0.9.8a-6
/home/meho/LintianBrushSplitDetection-tasks/openssl/.git/refs/tags/debian/openssl-1.1.1i-1
/home/meho/LintianBrushSplitDetection-tasks/openssl/.git/refs/tags/debian/openssl-3.0.5-1
/home/meho/LintianBrushSplitDetection-tasks/openssl/.git/refs/tags/debian/openssl-3.0.0__alpha13-1
/home/meho/LintianBrushSplitDetection-tasks/openssl/.git/refs/tags/debian/openssl-3.6.1-2
/home/meho/LintianBrushSplitDetection-tasks/openssl/.git/refs/tags/debian/openssl-1.1.0h-3
/home/meho/LintianBrushSplitDetection-tasks/openssl/.git/refs/tags/debian/openssl-0.9.8g-13
/home/meho/LintianBrushSplitDetection-tasks/openssl/.git/refs/tags/debian/openssl-3.0.10-1
/home/meho/LintianBrushSplitDetection-tasks/openssl/.git/refs/tags/debian/openssl-3.0.0__alpha16-1
/home/meho/LintianBrushSplitDetection-tasks/openssl/.git/refs/tags/debian/openssl-3.0.0__alpha4-1
/home/meho/LintianBrushSplitDetection-tasks/openssl/.git/refs/tags/debian/openssl-0.9.8o-1
/home/meho/LintianBrushSplitDetection-tasks/openssl/.git/refs/tags/debian/openssl-1.1.1e-1
/home/meho/LintianBrushSplitDetection-tasks/openssl/.git/refs/tags/debian/openssl-3.0.8-1
/home/meho/LintianBrushSplitDetection-tasks/openssl/.git/refs/tags/debian/openssl-3.0.12-1
/home/meho/LintianBrushSplitDetection-tasks/openssl/.git/refs/tags/debian/openssl-0.9.8g-5
/home/meho/LintianBrushSplitDetection-tasks/openssl/.git/refs/heads/debian/unstable
/home/meho/LintianBrushSplitDetection-tasks/openssl/.git/refs/tags/debian/openssl-1.0.2g-2
/home/meho/LintianBrushSplitDetection-tasks/openssl/.git/refs/tags/debian/openssl-1.1.1n-1
/home/meho/LintianBrushSplitDetection-tasks/openssl/.git/refs/tags/debian/openssl-0.9.8g-8
/home/meho/LintianBrushSplitDetection-tasks/openssl/.git/refs/tags/debian/openssl-3.1.5-1
/home/meho/LintianBrushSplitDetection-tasks/openssl/.git/refs/tags/debian/openssl-0.9.8g-7
/home/meho/LintianBrushSplitDetection-tasks/openssl/.git/refs/tags/debian/openssl-0.9.8k-6
/home/meho/LintianBrushSplitDetection-tasks/openssl/.git/refs/tags/debian/openssl-1.0.2d-3
/home/meho/LintianBrushSplitDetection-tasks/openssl/.git/refs/tags/debian/openssl-0.9.8k-5
/home/meho/LintianBrushSplitDetection-tasks/openssl/.git/refs/tags/debian/openssl-3.5.1-1
/home/meho/LintianBrushSplitDetection-tasks/openssl/.git/refs/tags/debian/openssl-1.1.0g-2
/home/meho/LintianBrushSplitDetection-tasks/openssl/.git/refs/tags/debian/openssl-3.0.3-7
/home/meho/LintianBrushSplitDetection-tasks/openssl/.git/refs/tags/debian/openssl-1.0.0e-2
/home/meho/LintianBrushSplitDetection-tasks/openssl/.git/refs/tags/debian/openssl-1.1.0h-1
/home/meho/LintianBrushSplitDetection-tasks/openssl/.git/refs/tags/debian/openssl-1.1.1j-1
/home/meho/LintianBrushSplitDetection-tasks/openssl/.git/refs/tags/debian/openssl-1.1.1__pre3-1
/home/meho/LintianBrushSplitDetection-tasks/openssl/.git/refs/tags/debian/openssl-1.1.1__pre4-1
/home/meho/LintianBrushSplitDetection-tasks/openssl/.git/refs/tags/debian/openssl-0.9.8a-1
/home/meho/LintianBrushSplitDetection-tasks/openssl/.git/refs/tags/debian/openssl-0.9.7g-2
/home/meho/LintianBrushSplitDetection-tasks/openssl/.git/refs/tags/debian/openssl-3.2.0-2
/home/meho/LintianBrushSplitDetection-tasks/openssl/.git/refs/tags/debian/openssl-1.1.1c-1
/home/meho/LintianBrushSplitDetection-tasks/openssl/.git/refs/tags/debian/openssl-3.1.0-1
/home/meho/LintianBrushSplitDetection-tasks/openssl/.git/refs/tags/debian/openssl-1.0.2b-1
/home/meho/LintianBrushSplitDetection-tasks/openssl/.git/refs/tags/debian/openssl-0.9.8o-4
/home/meho/LintianBrushSplitDetection-tasks/openssl/.git/refs/tags/debian/openssl-3.0.3-5
/home/meho/LintianBrushSplitDetection-tasks/openssl/.git/refs/tags/debian/openssl-3.5.2-1
/home/meho/LintianBrushSplitDetection-tasks/openssl/.git/refs/tags/debian/openssl-0.9.8a-3
/home/meho/LintianBrushSplitDetection-tasks/openssl/.git/refs/tags/debian/openssl-0.9.8e-9
/home/meho/LintianBrushSplitDetection-tasks/openssl/.git/refs/tags/debian/openssl-1.0.1e-2
/home/meho/LintianBrushSplitDetection-tasks/openssl/.git/refs/tags/debian/openssl-3.5.0-2
/home/meho/LintianBrushSplitDetection-tasks/openssl/.git/refs/tags/debian/openssl-1.0.1-1
/home/meho/LintianBrushSplitDetection-tasks/openssl/.git/refs/tags/debian/openssl-3.0.5-3
/home/meho/LintianBrushSplitDetection-tasks/openssl/.git/refs/tags/debian/openssl-0.9.8g-9
/home/meho/LintianBrushSplitDetection-tasks/openssl/.git/refs/tags/debian/openssl-1.1.1__pre7-1
/home/meho/LintianBrushSplitDetection-tasks/openssl/.git/refs/tags/debian/openssl-3.0.11-1
/home/meho/LintianBrushSplitDetection-tasks/openssl/.git/refs/tags/debian/openssl-0.9.8g-2
/home/meho/LintianBrushSplitDetection-tasks/openssl/.git/refs/tags/debian/openssl-3.0.1-1
/home/meho/LintianBrushSplitDetection-tasks/openssl/.git/refs/tags/debian/openssl-1.1.1__pre8-1
/home/meho/LintianBrushSplitDetection-tasks/openssl/.git/refs/tags/debian/openssl-0.9.8c-2
/home/meho/LintianBrushSplitDetection-tasks/openssl/.git/refs/tags/debian/openssl-0.9.8g-3
/home/meho/LintianBrushSplitDetection-tasks/openssl/.git/refs/tags/debian/openssl-1.1.1o-1
/home/meho/LintianBrushSplitDetection-tasks/openssl/.git/refs/tags/debian/openssl-3.0.2-1
/home/meho/LintianBrushSplitDetection-tasks/openssl/.git/refs/tags/debian/openssl-0.9.8g-1
/home/meho/LintianBrushSplitDetection-tasks/openssl/.git/refs/tags/debian/openssl-3.0.7-1
/home/meho/LintianBrushSplitDetection-tasks/openssl/.git/refs/tags/debian/openssl-3.0.3-6
/home/meho/LintianBrushSplitDetection-tasks/openssl/.git/refs/tags/debian/openssl-3.1.4-2
/home/meho/LintianBrushSplitDetection-tasks/openssl/.git/refs/tags/debian/openssl-0.9.8k-3
/home/meho/LintianBrushSplitDetection-tasks/openssl/.git/refs/tags/debian/openssl-1.0.1e-5
/home/meho/LintianBrushSplitDetection-tasks/openssl/.git/refs/tags/debian/openssl-0.9.8g-14
/home/meho/LintianBrushSplitDetection-tasks/openssl/.git/refs/tags/debian/openssl-0.9.8k-1
/home/meho/LintianBrushSplitDetection-tasks/openssl/.git/refs/tags/debian/openssl-3.0.12-2
/home/meho/LintianBrushSplitDetection-tasks/openssl/.git/refs/tags/debian/openssl-1.1.1b-1
/home/meho/LintianBrushSplitDetection-tasks/openssl/.git/refs/tags/debian/openssl-3.3.0-1
/home/meho/LintianBrushSplitDetection-tasks/openssl/.git/refs/tags/debian/openssl-3.0.5-4
/home/meho/LintianBrushSplitDetection-tasks/openssl/.git/refs/tags/debian/openssl-1.1.1i-2
/home/meho/LintianBrushSplitDetection-tasks/openssl/.git/refs/tags/debian/openssl-0.9.8e-8
/home/meho/LintianBrushSplitDetection-tasks/openssl/.git/refs/tags/debian/openssl-3.5.0__alpha1-1
/home/meho/LintianBrushSplitDetection-tasks/openssl/.git/refs/tags/debian/openssl-1.0.1-2
/home/meho/LintianBrushSplitDetection-tasks/openssl/.git/refs/tags/debian/openssl-1.1.1k-1
/home/meho/LintianBrushSplitDetection-tasks/openssl/.git/refs/tags/debian/openssl-3.0.0__alpha3-1
/home/meho/LintianBrushSplitDetection-tasks/openssl/.git/refs/tags/debian/openssl-3.0.0__beta1-1
/home/meho/LintianBrushSplitDetection-tasks/openssl/.git/refs/tags/debian/openssl-3.4.0-2
/home/meho/LintianBrushSplitDetection-tasks/openssl/.git/refs/tags/debian/openssl-1.1.1a-1
/home/meho/LintianBrushSplitDetection-tasks/openssl/.git/refs/tags/debian/openssl-0.9.8o-3
/home/meho/LintianBrushSplitDetection-tasks/openssl/.git/refs/tags/debian/openssl-0.9.8a-5
/home/meho/LintianBrushSplitDetection-tasks/openssl/.git/refs/tags/debian/openssl-0.9.7g-1
/home/meho/LintianBrushSplitDetection-tasks/openssl/.git/refs/tags/debian/openssl-3.5.5-1
/home/meho/LintianBrushSplitDetection-tasks/openssl/.git/refs/tags/debian/openssl-0.9.8g-11
/home/meho/LintianBrushSplitDetection-tasks/openssl/.git/refs/tags/debian/openssl-1.0.1e-4
/home/meho/LintianBrushSplitDetection-tasks/openssl/.git/refs/tags/debian/openssl-0.9.8e-2
/home/meho/LintianBrushSplitDetection-tasks/openssl/.git/refs/tags/debian/openssl-3.0.7-2
/home/meho/LintianBrushSplitDetection-tasks/openssl/.git/refs/tags/debian/openssl-0.9.8-2
/home/meho/LintianBrushSplitDetection-tasks/openssl/.git/refs/remotes/origin/debian/unstable
/home/meho/LintianBrushSplitDetection-tasks/openssl/.git/refs/tags/debian/openssl-1.1.1f-1
/home/meho/LintianBrushSplitDetection-tasks/openssl/.git/refs/tags/debian/openssl-3.0.3-2
/home/meho/LintianBrushSplitDetection-tasks/openssl/.git/refs/tags/debian/openssl-3.0.3-3
/home/meho/LintianBrushSplitDetection-tasks/openssl/.git/refs/tags/debian/openssl-3.3.2-2
/home/meho/LintianBrushSplitDetection-tasks/openssl/.git/refs/tags/debian/openssl-3.5.3-1
/home/meho/LintianBrushSplitDetection-tasks/openssl/.git/refs/tags/debian/openssl-1.1.1__pre1-1
/home/meho/LintianBrushSplitDetection-tasks/openssl/.git/refs/tags/debian/openssl-1.1.1g-1
/home/meho/LintianBrushSplitDetection-tasks/openssl/.git/refs/tags/debian/openssl-3.1.5-1.1
/home/meho/LintianBrushSplitDetection-tasks/openssl/.git/refs/tags/debian/openssl-3.3.1-5
/home/meho/LintianBrushSplitDetection-tasks/openssl/.git/refs/tags/debian/openssl-3.1.2-1
/home/meho/LintianBrushSplitDetection-tasks/openssl/.git/refs/tags/debian/openssl-1.1.1d-1
/home/meho/LintianBrushSplitDetection-tasks/openssl/.git/refs/tags/debian/openssl-1.1.0f-5
/home/meho/LintianBrushSplitDetection-tasks/openssl/.git/refs/tags/debian/openssl-1.0.0d-3
/home/meho/LintianBrushSplitDetection-tasks/openssl/.git/refs/tags/debian/openssl-3.0.4-1
/home/meho/LintianBrushSplitDetection-tasks/openssl/.git/refs/tags/debian/openssl-1.1.1__pre6-2
/home/meho/LintianBrushSplitDetection-tasks/openssl/.git/refs/tags/debian/openssl-0.9.8g-10
/home/meho/LintianBrushSplitDetection-tasks/openssl/.git/refs/tags/debian/openssl-3.6.0-2
/home/meho/LintianBrushSplitDetection-tasks/openssl/.git/refs/tags/debian/openssl-0.9.8n-1
/home/meho/LintianBrushSplitDetection-tasks/openssl/.git/refs/tags/debian/openssl-0.9.8c-3
/home/meho/LintianBrushSplitDetection-tasks/openssl/.git/refs/tags/debian/openssl-3.0.0-1
/home/meho/LintianBrushSplitDetection-tasks/openssl/.git/refs/tags/debian/openssl-3.6.0__beta1-1
/home/meho/LintianBrushSplitDetection-tasks/openssl/.git/refs/tags/debian/openssl-3.4.0__beta1-2
/home/meho/LintianBrushSplitDetection-tasks/openssl/.git/refs/tags/debian/openssl-0.9.8-1
/home/meho/LintianBrushSplitDetection-tasks/openssl/.git/refs/tags/debian/openssl-0.9.8a-8
/home/meho/LintianBrushSplitDetection-tasks/openssl/.git/refs/tags/debian/openssl-3.0.3-4
/home/meho/LintianBrushSplitDetection-tasks/openssl/.git/refs/tags/debian/openssl-0.9.8g-4
/home/meho/LintianBrushSplitDetection-tasks/openssl/.git/refs/tags/debian/openssl-0.9.8e-4
/home/meho/LintianBrushSplitDetection-tasks/openssl/.git/refs/tags/debian/openssl-1.0.0e-3
/home/meho/LintianBrushSplitDetection-tasks/openssl/.git/refs/tags/debian/openssl-1.1.0h-2
/home/meho/LintianBrushSplitDetection-tasks/openssl/.git/refs/tags/debian/openssl-0.9.8g-12
/home/meho/LintianBrushSplitDetection-tasks/openssl/.git/refs/tags/debian/openssl-1.0.0h-1
/home/meho/LintianBrushSplitDetection-tasks/openssl/.git/refs/tags/debian/openssl-1.0.1f-1
/home/meho/LintianBrushSplitDetection-tasks/openssl/.git/refs/tags/debian/openssl-3.2.1-1
/home/meho/LintianBrushSplitDetection-tasks/openssl/.git/refs/tags/debian/openssl-1.1.1__pre2-1
/home/meho/LintianBrushSplitDetection-tasks/openssl/.git/refs/tags/debian/openssl-0.9.7g-3
/home/meho/LintianBrushSplitDetection-tasks/openssl/.git/refs/tags/debian/openssl-0.9.8c-1
/home/meho/LintianBrushSplitDetection-tasks/openssl/.git/refs/tags/debian/openssl-3.5.4-1
/home/meho/LintianBrushSplitDetection-tasks/openssl/.git/refs/tags/debian/openssl-3.3.0_beta1-1
/home/meho/LintianBrushSplitDetection-tasks/openssl/.git/refs/tags/debian/openssl-1.1.1-1
/home/meho/LintianBrushSplitDetection-tasks/openssl/.git/refs/tags/debian/openssl-1.0.1c-4
/home/meho/LintianBrushSplitDetection-tasks/openssl/.git/refs/tags/debian/openssl-3.0.4-2
/home/meho/LintianBrushSplitDetection-tasks/openssl/.git/refs/tags/debian/openssl-3.2.0-1
/home/meho/LintianBrushSplitDetection-tasks/openssl/.git/refs/tags/debian/openssl-1.0.1a-3
/home/meho/LintianBrushSplitDetection-tasks/openssl/.git/refs/tags/debian/openssl-1.1.1i-3
/home/meho/LintianBrushSplitDetection-tasks/openssl/.git/refs/tags/debian/openssl-1.1.0g-1
/home/meho/LintianBrushSplitDetection-tasks/openssl/.git/refs/tags/debian/openssl-0.9.8c-4
/home/meho/LintianBrushSplitDetection-tasks/openssl/.git/refs/tags/debian/openssl-1.1.0h-4
/home/meho/LintianBrushSplitDetection-tasks/openssl/.git/refs/tags/debian/openssl-3.1.3-1
/home/meho/LintianBrushSplitDetection-tasks/openssl/.git/refs/tags/debian/openssl-0.9.8g-15
/home/meho/LintianBrushSplitDetection-tasks/openssl/.git/refs/tags/debian/openssl-3.2.1-1.1_exp1
/home/meho/LintianBrushSplitDetection-tasks/openssl/.git/refs/tags/debian/openssl-0.9.8m-1
/home/meho/LintianBrushSplitDetection-tasks/openssl/.git/refs/tags/debian/openssl-3.0.0__alpha13-2
/home/meho/LintianBrushSplitDetection-tasks/openssl/.git/refs/tags/debian/openssl-1.0.1c-2
/home/meho/LintianBrushSplitDetection-tasks/openssl/.git/refs/tags/debian/openssl-1.0.1b-1
/home/meho/LintianBrushSplitDetection-tasks/openssl/.git/refs/tags/debian/openssl-1.0.1e-6
/home/meho/LintianBrushSplitDetection-tasks/openssl/.git/refs/tags/debian/openssl-1.1.1d-2
/home/meho/LintianBrushSplitDetection-tasks/openssl/.git/refs/tags/debian/openssl-1.1.1l-1
/home/meho/LintianBrushSplitDetection-tasks/openssl/.git/refs/heads/debian/unstable
/home/meho/LintianBrushSplitDetection-tasks/openssl/.git/refs/tags/debian/openssl-0.9.8k-4
/tmp/.tmpASqYcr/.git/refs/tags/debian/openssl-1.1.1__pre6-1
/tmp/.tmpASqYcr/.git/refs/tags/debian/openssl-1.1.1__pre6-1
/tmp/.tmpASqYcr/.git/refs/tags/debian/openssl-1.1.1__pre6-1
/tmp/.tmpASqYcr/.git/refs/tags/debian/openssl-1.1.1__pre6-1.212425.debian.6oqrnxybi8.tmp
/tmp/.tmpASqYcr/.git/refs/tags/debian/openssl-3.0.5-2
/tmp/.tmpASqYcr/.git/refs/tags/debian/openssl-3.0.5-2
/tmp/.tmpASqYcr/.git/refs/tags/debian/openssl-3.0.5-2
/tmp/.tmpASqYcr/.git/refs/tags/debian/openssl-3.0.5-2.212425.debian.1rr90m911u.tmp
/tmp/.tmpASqYcr/.git/refs/tags/debian/openssl-3.5.0-1
/tmp/.tmpASqYcr/.git/refs/tags/debian/openssl-3.5.0-1
/tmp/.tmpASqYcr/.git/refs/tags/debian/openssl-3.5.0-1
/tmp/.tmpASqYcr/.git/refs/tags/debian/openssl-3.5.0-1.212425.debian.b9p3qkyeep.tmp
/tmp/.tmpASqYcr/.git/refs/tags/debian/openssl-0.9.8k-8
/tmp/.tmpASqYcr/.git/refs/tags/debian/openssl-0.9.8k-8
/tmp/.tmpASqYcr/.git/refs/tags/debian/openssl-0.9.8k-8
/tmp/.tmpASqYcr/.git/refs/tags/debian/openssl-0.9.8k-8.212425.debian.fqhjpyxgvq.tmp
/tmp/.tmpASqYcr/.git/refs/tags/debian/openssl-3.3.2-1
/tmp/.tmpASqYcr/.git/refs/tags/debian/openssl-3.3.2-1
/tmp/.tmpASqYcr/.git/refs/tags/debian/openssl-3.3.2-1
/tmp/.tmpASqYcr/.git/refs/tags/debian/openssl-3.3.2-1.212425.debian.mt61rs5s3i.tmp
/tmp/.tmpASqYcr/.git/refs/tags/debian/openssl-0.9.8g-16
/tmp/.tmpASqYcr/.git/refs/tags/debian/openssl-0.9.8g-16
/tmp/.tmpASqYcr/.git/refs/tags/debian/openssl-0.9.8g-16
/tmp/.tmpASqYcr/.git/refs/tags/debian/openssl-0.9.8g-16.212425.debian.ozgppkfs0l.tmp
/tmp/.tmpASqYcr/.git/refs/tags/debian/openssl-1.0.1a-1
/tmp/.tmpASqYcr/.git/refs/tags/debian/openssl-1.0.1a-1
/tmp/.tmpASqYcr/.git/refs/tags/debian/openssl-1.0.1a-1
/tmp/.tmpASqYcr/.git/refs/tags/debian/openssl-1.0.1a-1.212425.debian.4bydt1to0e.tmp
/tmp/.tmpASqYcr/.git/refs/tags/debian/openssl-1.1.1-2
/tmp/.tmpASqYcr/.git/refs/tags/debian/openssl-1.1.1-2
/tmp/.tmpASqYcr/.git/refs/tags/debian/openssl-1.1.1-2
/tmp/.tmpASqYcr/.git/refs/tags/debian/openssl-1.1.1-2.212425.debian.46etf8g2r3.tmp
/tmp/.tmpASqYcr/.git/refs/tags/debian/openssl-1.0.2%7Ebeta1-1
/tmp/.tmpASqYcr/.git/refs/tags/debian/openssl-1.0.2%7Ebeta1-1
/tmp/.tmpASqYcr/.git/refs/tags/debian/openssl-1.0.2%7Ebeta1-1
/tmp/.tmpASqYcr/.git/refs/tags/debian/openssl-1.0.2%7Ebeta1-1.212425.debian.ihdhhbt69c.tmp
/tmp/.tmpASqYcr/.git/refs/tags/debian/openssl-1.1.1m-1
/tmp/.tmpASqYcr/.git/refs/tags/debian/openssl-1.1.1m-1
/tmp/.tmpASqYcr/.git/refs/tags/debian/openssl-1.1.1m-1
/tmp/.tmpASqYcr/.git/refs/tags/debian/openssl-1.1.1m-1.212425.debian.9bfckcnbmb.tmp
/tmp/.tmpASqYcr/.git/refs/tags/debian/openssl-1.1.1h-1
/tmp/.tmpASqYcr/.git/refs/tags/debian/openssl-1.1.1h-1
/tmp/.tmpASqYcr/.git/refs/tags/debian/openssl-1.1.1h-1
/tmp/.tmpASqYcr/.git/refs/tags/debian/openssl-1.1.1h-1.212425.debian.m0f6i3722x.tmp
/tmp/.tmpASqYcr/.git/refs/tags/debian/openssl-0.9.8m-2
/tmp/.tmpASqYcr/.git/refs/tags/debian/openssl-0.9.8m-2
/tmp/.tmpASqYcr/.git/refs/tags/debian/openssl-0.9.8m-2
/tmp/.tmpASqYcr/.git/refs/tags/debian/openssl-0.9.8m-2.212425.debian.775p0z09o9.tmp
/tmp/.tmpASqYcr/.git/refs/tags/debian/openssl-0.9.8e-5
/tmp/.tmpASqYcr/.git/refs/tags/debian/openssl-0.9.8e-5
/tmp/.tmpASqYcr/.git/refs/tags/debian/openssl-0.9.8e-5
/tmp/.tmpASqYcr/.git/refs/tags/debian/openssl-0.9.8e-5.212425.debian.ywaqkbkwdz.tmp
/tmp/.tmpASqYcr/.git/refs/tags/debian/openssl-1.0.0c-1
/tmp/.tmpASqYcr/.git/refs/tags/debian/openssl-1.0.0c-1
/tmp/.tmpASqYcr/.git/refs/tags/debian/openssl-1.0.0c-1
/tmp/.tmpASqYcr/.git/refs/tags/debian/openssl-1.0.0c-1.212425.debian.781f188cvn.tmp
/tmp/.tmpASqYcr/.git/refs/tags/debian/openssl-3.2.2-1
/tmp/.tmpASqYcr/.git/refs/tags/debian/openssl-3.2.2-1
/tmp/.tmpASqYcr/.git/refs/tags/debian/openssl-3.2.2-1
/tmp/.tmpASqYcr/.git/refs/tags/debian/openssl-3.2.2-1.212425.debian.nfui7jjuxz.tmp
/tmp/.tmpASqYcr/.git/refs/tags/debian/openssl-3.0.3-8
/tmp/.tmpASqYcr/.git/refs/tags/debian/openssl-3.0.3-8
/tmp/.tmpASqYcr/.git/refs/tags/debian/openssl-3.0.3-8
/tmp/.tmpASqYcr/.git/refs/tags/debian/openssl-3.0.3-8.212425.debian.iiovqnbk2d.tmp
/tmp/.tmpASqYcr/.git/refs/tags/debian/openssl-3.4.0-1
/tmp/.tmpASqYcr/.git/refs/tags/debian/openssl-3.4.0-1
/tmp/.tmpASqYcr/.git/refs/tags/debian/openssl-3.4.0-1
/tmp/.tmpASqYcr/.git/refs/tags/debian/openssl-3.4.0-1.212425.debian.kotmlo7igu.tmp
/tmp/.tmpASqYcr/.git/refs/tags/debian/openssl-1.0.1-4
/tmp/.tmpASqYcr/.git/refs/tags/debian/openssl-1.0.1-4
/tmp/.tmpASqYcr/.git/refs/tags/debian/openssl-1.0.1-4
/tmp/.tmpASqYcr/.git/refs/tags/debian/openssl-1.0.1-4.212425.debian.zljq16k89k.tmp
/tmp/.tmpASqYcr/.git/refs/tags/debian/openssl-1.0.1e-3
/tmp/.tmpASqYcr/.git/refs/tags/debian/openssl-1.0.1e-3
/tmp/.tmpASqYcr/.git/refs/tags/debian/openssl-1.0.1e-3
/tmp/.tmpASqYcr/.git/refs/tags/debian/openssl-1.0.1e-3.212425.debian.qmx3bwsd8p.tmp
/tmp/.tmpASqYcr/.git/refs/tags/debian/openssl-0.9.8b-1
/tmp/.tmpASqYcr/.git/refs/tags/debian/openssl-0.9.8b-1
/tmp/.tmpASqYcr/.git/refs/tags/debian/openssl-0.9.8b-1
/tmp/.tmpASqYcr/.git/refs/tags/debian/openssl-0.9.8b-1.212425.debian.2uy0bmdjqa.tmp
/tmp/.tmpASqYcr/.git/refs/tags/debian/openssl-3.2.1-3
/tmp/.tmpASqYcr/.git/refs/tags/debian/openssl-3.2.1-3
/tmp/.tmpASqYcr/.git/refs/tags/debian/openssl-3.2.1-3
/tmp/.tmpASqYcr/.git/refs/tags/debian/openssl-3.2.1-3.212425.debian.w4y4oxwqkr.tmp
/tmp/.tmpASqYcr/.git/refs/tags/debian/openssl-3.3.1-7
/tmp/.tmpASqYcr/.git/refs/tags/debian/openssl-3.3.1-7
/tmp/.tmpASqYcr/.git/refs/tags/debian/openssl-3.3.1-7
/tmp/.tmpASqYcr/.git/refs/tags/debian/openssl-3.3.1-7.212425.debian.10oexxrcio.tmp
/tmp/.tmpASqYcr/.git/refs/tags/debian/openssl-0.9.8k-2
/tmp/.tmpASqYcr/.git/refs/tags/debian/openssl-0.9.8k-2
/tmp/.tmpASqYcr/.git/refs/tags/debian/openssl-0.9.8k-2
/tmp/.tmpASqYcr/.git/refs/tags/debian/openssl-0.9.8k-2.212425.debian.w65wl5h0gx.tmp
/tmp/.tmpASqYcr/.git/refs/tags/debian/openssl-0.9.8b-3
/tmp/.tmpASqYcr/.git/refs/tags/debian/openssl-0.9.8b-3
/tmp/.tmpASqYcr/.git/refs/tags/debian/openssl-0.9.8b-3
/tmp/.tmpASqYcr/.git/refs/tags/debian/openssl-0.9.8b-3.212425.debian.iuuwju3haf.tmp
/tmp/.tmpASqYcr/.git/refs/tags/debian/openssl-0.9.8b-2
/tmp/.tmpASqYcr/.git/refs/tags/debian/openssl-0.9.8b-2
/tmp/.tmpASqYcr/.git/refs/tags/debian/openssl-0.9.8b-2
/tmp/.tmpASqYcr/.git/refs/tags/debian/openssl-0.9.8b-2.212425.debian.ki84br27hv.tmp
/tmp/.tmpASqYcr/.git/refs/tags/debian/openssl-0.9.8k-7
/tmp/.tmpASqYcr/.git/refs/tags/debian/openssl-0.9.8k-7
/tmp/.tmpASqYcr/.git/refs/tags/debian/openssl-0.9.8k-7
/tmp/.tmpASqYcr/.git/refs/tags/debian/openssl-0.9.8k-7.212425.debian.650f6zy0u6.tmp
/tmp/.tmpASqYcr/.git/refs/tags/debian/openssl-3.3.1-2
/tmp/.tmpASqYcr/.git/refs/tags/debian/openssl-3.3.1-2
/tmp/.tmpASqYcr/.git/refs/tags/debian/openssl-3.3.1-2
/tmp/.tmpASqYcr/.git/refs/tags/debian/openssl-3.3.1-2.212425.debian.mdfafcpc4g.tmp
/tmp/.tmpASqYcr/.git/refs/tags/debian/openssl-3.2.1-2
/tmp/.tmpASqYcr/.git/refs/tags/debian/openssl-3.2.1-2
/tmp/.tmpASqYcr/.git/refs/tags/debian/openssl-3.2.1-2
/tmp/.tmpASqYcr/.git/refs/tags/debian/openssl-3.2.1-2.212425.debian.zne5xwfp5t.tmp
/tmp/.tmpASqYcr/.git/refs/tags/debian/openssl-3.6.0__alpha1-1
/tmp/.tmpASqYcr/.git/refs/tags/debian/openssl-3.6.0__alpha1-1
/tmp/.tmpASqYcr/.git/refs/tags/debian/openssl-3.6.0__alpha1-1
/tmp/.tmpASqYcr/.git/refs/tags/debian/openssl-3.6.0__alpha1-1.212425.debian.4zqf5juuk1.tmp
/tmp/.tmpASqYcr/.git/refs/tags/debian/openssl-3.0.3-1
/tmp/.tmpASqYcr/.git/refs/tags/debian/openssl-3.0.3-1
/tmp/.tmpASqYcr/.git/refs/tags/debian/openssl-3.0.3-1
/tmp/.tmpASqYcr/.git/refs/tags/debian/openssl-3.0.3-1.212425.debian.1qxa0b8jn3.tmp
/tmp/.tmpASqYcr/.git/refs/tags/debian/openssl-1.0.0e-1
/tmp/.tmpASqYcr/.git/refs/tags/debian/openssl-1.0.0e-1
/tmp/.tmpASqYcr/.git/refs/tags/debian/openssl-1.0.0e-1
/tmp/.tmpASqYcr/.git/refs/tags/debian/openssl-1.0.0e-1.212425.debian.y0zh08urmn.tmp
/tmp/.tmpASqYcr/.git/refs/tags/debian/openssl-1.0.0d-1
/tmp/.tmpASqYcr/.git/refs/tags/debian/openssl-1.0.0d-1
/tmp/.tmpASqYcr/.git/refs/tags/debian/openssl-1.0.0d-1
/tmp/.tmpASqYcr/.git/refs/tags/debian/openssl-1.0.0d-1.212425.debian.e4mpesumav.tmp
/tmp/.tmpASqYcr/.git/refs/tags/debian/openssl-3.0.9-1
/tmp/.tmpASqYcr/.git/refs/tags/debian/openssl-3.0.9-1
/tmp/.tmpASqYcr/.git/refs/tags/debian/openssl-3.0.9-1
/tmp/.tmpASqYcr/.git/refs/tags/debian/openssl-3.0.9-1.212425.debian.bregocuiwt.tmp
/tmp/.tmpASqYcr/.git/refs/tags/debian/openssl-3.1.4-1
/tmp/.tmpASqYcr/.git/refs/tags/debian/openssl-3.1.4-1
/tmp/.tmpASqYcr/.git/refs/tags/debian/openssl-3.1.4-1
/tmp/.tmpASqYcr/.git/refs/tags/debian/openssl-3.1.4-1.212425.debian.xoy4cyhcvs.tmp
/tmp/.tmpASqYcr/.git/refs/tags/debian/openssl-3.4.0__beta1-1
/tmp/.tmpASqYcr/.git/refs/tags/debian/openssl-3.4.0__beta1-1
/tmp/.tmpASqYcr/.git/refs/tags/debian/openssl-3.4.0__beta1-1
/tmp/.tmpASqYcr/.git/refs/tags/debian/openssl-3.4.0__beta1-1.212425.debian.wssq38dr8e.tmp
/tmp/.tmpASqYcr/.git/refs/tags/debian/openssl-3.3.1-6
/tmp/.tmpASqYcr/.git/refs/tags/debian/openssl-3.3.1-6
/tmp/.tmpASqYcr/.git/refs/tags/debian/openssl-3.3.1-6
/tmp/.tmpASqYcr/.git/refs/tags/debian/openssl-3.3.1-6.212425.debian.9dtccc9w5z.tmp
/tmp/.tmpASqYcr/.git/refs/tags/debian/openssl-3.6.1-1
/tmp/.tmpASqYcr/.git/refs/tags/debian/openssl-3.6.1-1
/tmp/.tmpASqYcr/.git/refs/tags/debian/openssl-3.6.1-1
/tmp/.tmpASqYcr/.git/refs/tags/debian/openssl-3.6.1-1.212425.debian.umfz2k34ak.tmp
/tmp/.tmpASqYcr/.git/refs/tags/debian/openssl-0.9.8e-3
/tmp/.tmpASqYcr/.git/refs/tags/debian/openssl-0.9.8e-3
/tmp/.tmpASqYcr/.git/refs/tags/debian/openssl-0.9.8e-3
/tmp/.tmpASqYcr/.git/refs/tags/debian/openssl-0.9.8e-3.212425.debian.g743hi0uwh.tmp
/tmp/.tmpASqYcr/.git/refs/tags/debian/openssl-0.9.8a-6
/tmp/.tmpASqYcr/.git/refs/tags/debian/openssl-0.9.8a-6
/tmp/.tmpASqYcr/.git/refs/tags/debian/openssl-0.9.8a-6
/tmp/.tmpASqYcr/.git/refs/tags/debian/openssl-0.9.8a-6.212425.debian.w8y2i1sej2.tmp
/tmp/.tmpASqYcr/.git/refs/tags/debian/openssl-1.1.1i-1
/tmp/.tmpASqYcr/.git/refs/tags/debian/openssl-1.1.1i-1
/tmp/.tmpASqYcr/.git/refs/tags/debian/openssl-1.1.1i-1
/tmp/.tmpASqYcr/.git/refs/tags/debian/openssl-1.1.1i-1.212425.debian.bcywua1zce.tmp
/tmp/.tmpASqYcr/.git/refs/tags/debian/openssl-3.0.5-1
/tmp/.tmpASqYcr/.git/refs/tags/debian/openssl-3.0.5-1
/tmp/.tmpASqYcr/.git/refs/tags/debian/openssl-3.0.5-1
/tmp/.tmpASqYcr/.git/refs/tags/debian/openssl-3.0.5-1.212425.debian.3nd9v4o411.tmp
/tmp/.tmpASqYcr/.git/refs/tags/debian/openssl-3.0.0__alpha13-1
/tmp/.tmpASqYcr/.git/refs/tags/debian/openssl-3.0.0__alpha13-1
/tmp/.tmpASqYcr/.git/refs/tags/debian/openssl-3.0.0__alpha13-1
/tmp/.tmpASqYcr/.git/refs/tags/debian/openssl-3.0.0__alpha13-1.212425.debian.dinsgenz62.tmp
/tmp/.tmpASqYcr/.git/refs/tags/debian/openssl-3.6.1-2
/tmp/.tmpASqYcr/.git/refs/tags/debian/openssl-3.6.1-2
/tmp/.tmpASqYcr/.git/refs/tags/debian/openssl-3.6.1-2
/tmp/.tmpASqYcr/.git/refs/tags/debian/openssl-3.6.1-2.212425.debian.rrr8u9j0d1.tmp
/tmp/.tmpASqYcr/.git/refs/tags/debian/openssl-1.1.0h-3
/tmp/.tmpASqYcr/.git/refs/tags/debian/openssl-1.1.0h-3
/tmp/.tmpASqYcr/.git/refs/tags/debian/openssl-1.1.0h-3
/tmp/.tmpASqYcr/.git/refs/tags/debian/openssl-1.1.0h-3.212425.debian.o8lvpk8cap.tmp
/tmp/.tmpASqYcr/.git/refs/tags/debian/openssl-0.9.8g-13
/tmp/.tmpASqYcr/.git/refs/tags/debian/openssl-0.9.8g-13
/tmp/.tmpASqYcr/.git/refs/tags/debian/openssl-0.9.8g-13
/tmp/.tmpASqYcr/.git/refs/tags/debian/openssl-0.9.8g-13.212425.debian.840zijjq8g.tmp
/tmp/.tmpASqYcr/.git/refs/tags/debian/openssl-3.0.10-1
/tmp/.tmpASqYcr/.git/refs/tags/debian/openssl-3.0.10-1
/tmp/.tmpASqYcr/.git/refs/tags/debian/openssl-3.0.10-1
/tmp/.tmpASqYcr/.git/refs/tags/debian/openssl-3.0.10-1.212425.debian.k0vkngyzuj.tmp
/tmp/.tmpASqYcr/.git/refs/tags/debian/openssl-3.0.0__alpha16-1
/tmp/.tmpASqYcr/.git/refs/tags/debian/openssl-3.0.0__alpha16-1
/tmp/.tmpASqYcr/.git/refs/tags/debian/openssl-3.0.0__alpha16-1
/tmp/.tmpASqYcr/.git/refs/tags/debian/openssl-3.0.0__alpha16-1.212425.debian.45ldzqkqs1.tmp
/tmp/.tmpASqYcr/.git/refs/tags/debian/openssl-3.0.0__alpha4-1
/tmp/.tmpASqYcr/.git/refs/tags/debian/openssl-3.0.0__alpha4-1
/tmp/.tmpASqYcr/.git/refs/tags/debian/openssl-3.0.0__alpha4-1
/tmp/.tmpASqYcr/.git/refs/tags/debian/openssl-3.0.0__alpha4-1.212425.debian.gwtxye0ltp.tmp
/tmp/.tmpASqYcr/.git/refs/tags/debian/openssl-0.9.8o-1
/tmp/.tmpASqYcr/.git/refs/tags/debian/openssl-0.9.8o-1
/tmp/.tmpASqYcr/.git/refs/tags/debian/openssl-0.9.8o-1
/tmp/.tmpASqYcr/.git/refs/tags/debian/openssl-0.9.8o-1.212425.debian.m6a3l38cut.tmp
/tmp/.tmpASqYcr/.git/refs/tags/debian/openssl-1.1.1e-1
/tmp/.tmpASqYcr/.git/refs/tags/debian/openssl-1.1.1e-1
/tmp/.tmpASqYcr/.git/refs/tags/debian/openssl-1.1.1e-1
/tmp/.tmpASqYcr/.git/refs/tags/debian/openssl-1.1.1e-1.212425.debian.f6jlptbvjg.tmp
/tmp/.tmpASqYcr/.git/refs/tags/debian/openssl-3.0.8-1
/tmp/.tmpASqYcr/.git/refs/tags/debian/openssl-3.0.8-1
/tmp/.tmpASqYcr/.git/refs/tags/debian/openssl-3.0.8-1
/tmp/.tmpASqYcr/.git/refs/tags/debian/openssl-3.0.8-1.212425.debian.vhlz6yz6jg.tmp
/tmp/.tmpASqYcr/.git/refs/tags/debian/openssl-3.0.12-1
/tmp/.tmpASqYcr/.git/refs/tags/debian/openssl-3.0.12-1
/tmp/.tmpASqYcr/.git/refs/tags/debian/openssl-3.0.12-1
/tmp/.tmpASqYcr/.git/refs/tags/debian/openssl-3.0.12-1.212425.debian.hdimhr1xy4.tmp
/tmp/.tmpASqYcr/.git/refs/tags/debian/openssl-0.9.8g-5
/tmp/.tmpASqYcr/.git/refs/tags/debian/openssl-0.9.8g-5
/tmp/.tmpASqYcr/.git/refs/tags/debian/openssl-0.9.8g-5
/tmp/.tmpASqYcr/.git/refs/tags/debian/openssl-0.9.8g-5.212425.debian.6ikba7lemj.tmp
/tmp/.tmpASqYcr/.git/refs/tags/debian/openssl-1.0.2g-2
/tmp/.tmpASqYcr/.git/refs/tags/debian/openssl-1.0.2g-2
/tmp/.tmpASqYcr/.git/refs/tags/debian/openssl-1.0.2g-2
/tmp/.tmpASqYcr/.git/refs/tags/debian/openssl-1.0.2g-2.212425.debian.8bl0fwwpda.tmp
/tmp/.tmpASqYcr/.git/refs/tags/debian/openssl-1.1.1n-1
/tmp/.tmpASqYcr/.git/refs/tags/debian/openssl-1.1.1n-1
/tmp/.tmpASqYcr/.git/refs/tags/debian/openssl-1.1.1n-1
/tmp/.tmpASqYcr/.git/refs/tags/debian/openssl-1.1.1n-1.212425.debian.b329egssd8.tmp
/tmp/.tmpASqYcr/.git/refs/tags/debian/openssl-0.9.8g-8
/tmp/.tmpASqYcr/.git/refs/tags/debian/openssl-0.9.8g-8
/tmp/.tmpASqYcr/.git/refs/tags/debian/openssl-0.9.8g-8
/tmp/.tmpASqYcr/.git/refs/tags/debian/openssl-0.9.8g-8.212425.debian.w29e82xc0r.tmp
/tmp/.tmpASqYcr/.git/refs/tags/debian/openssl-3.1.5-1
/tmp/.tmpASqYcr/.git/refs/tags/debian/openssl-3.1.5-1
/tmp/.tmpASqYcr/.git/refs/tags/debian/openssl-3.1.5-1
/tmp/.tmpASqYcr/.git/refs/tags/debian/openssl-3.1.5-1.212425.debian.o9tqgl89qi.tmp
/tmp/.tmpASqYcr/.git/refs/tags/debian/openssl-0.9.8g-7
/tmp/.tmpASqYcr/.git/refs/tags/debian/openssl-0.9.8g-7
/tmp/.tmpASqYcr/.git/refs/tags/debian/openssl-0.9.8g-7
/tmp/.tmpASqYcr/.git/refs/tags/debian/openssl-0.9.8g-7.212425.debian.7a8awoxph1.tmp
/tmp/.tmpASqYcr/.git/refs/tags/debian/openssl-0.9.8k-6
/tmp/.tmpASqYcr/.git/refs/tags/debian/openssl-0.9.8k-6
/tmp/.tmpASqYcr/.git/refs/tags/debian/openssl-0.9.8k-6
/tmp/.tmpASqYcr/.git/refs/tags/debian/openssl-0.9.8k-6.212425.debian.psrxiomwgr.tmp
/tmp/.tmpASqYcr/.git/refs/tags/debian/openssl-1.0.2d-3
/tmp/.tmpASqYcr/.git/refs/tags/debian/openssl-1.0.2d-3
/tmp/.tmpASqYcr/.git/refs/tags/debian/openssl-1.0.2d-3
/tmp/.tmpASqYcr/.git/refs/tags/debian/openssl-1.0.2d-3.212425.debian.4gc362y8ym.tmp
/tmp/.tmpASqYcr/.git/refs/tags/debian/openssl-0.9.8k-5
/tmp/.tmpASqYcr/.git/refs/tags/debian/openssl-0.9.8k-5
/tmp/.tmpASqYcr/.git/refs/tags/debian/openssl-0.9.8k-5
/tmp/.tmpASqYcr/.git/refs/tags/debian/openssl-0.9.8k-5.212425.debian.pcwf6mty0x.tmp
/tmp/.tmpASqYcr/.git/refs/tags/debian/openssl-3.5.1-1
/tmp/.tmpASqYcr/.git/refs/tags/debian/openssl-3.5.1-1
/tmp/.tmpASqYcr/.git/refs/tags/debian/openssl-3.5.1-1
/tmp/.tmpASqYcr/.git/refs/tags/debian/openssl-3.5.1-1.212425.debian.5hpuleyzi4.tmp
/tmp/.tmpASqYcr/.git/refs/tags/debian/openssl-1.1.0g-2
/tmp/.tmpASqYcr/.git/refs/tags/debian/openssl-1.1.0g-2
/tmp/.tmpASqYcr/.git/refs/tags/debian/openssl-1.1.0g-2
/tmp/.tmpASqYcr/.git/refs/tags/debian/openssl-1.1.0g-2.212425.debian.5veu6yn7ud.tmp
/tmp/.tmpASqYcr/.git/refs/tags/debian/openssl-3.0.3-7
/tmp/.tmpASqYcr/.git/refs/tags/debian/openssl-3.0.3-7
/tmp/.tmpASqYcr/.git/refs/tags/debian/openssl-3.0.3-7
/tmp/.tmpASqYcr/.git/refs/tags/debian/openssl-3.0.3-7.212425.debian.fh15i0idm1.tmp
/tmp/.tmpASqYcr/.git/refs/tags/debian/openssl-1.0.0e-2
/tmp/.tmpASqYcr/.git/refs/tags/debian/openssl-1.0.0e-2
/tmp/.tmpASqYcr/.git/refs/tags/debian/openssl-1.0.0e-2
/tmp/.tmpASqYcr/.git/refs/tags/debian/openssl-1.0.0e-2.212425.debian.1ugwi0p7lr.tmp
/tmp/.tmpASqYcr/.git/refs/tags/debian/openssl-1.1.0h-1
/tmp/.tmpASqYcr/.git/refs/tags/debian/openssl-1.1.0h-1
/tmp/.tmpASqYcr/.git/refs/tags/debian/openssl-1.1.0h-1
/tmp/.tmpASqYcr/.git/refs/tags/debian/openssl-1.1.0h-1.212425.debian.nl38bbhl5z.tmp
/tmp/.tmpASqYcr/.git/refs/tags/debian/openssl-1.1.1j-1
/tmp/.tmpASqYcr/.git/refs/tags/debian/openssl-1.1.1j-1
/tmp/.tmpASqYcr/.git/refs/tags/debian/openssl-1.1.1j-1
/tmp/.tmpASqYcr/.git/refs/tags/debian/openssl-1.1.1j-1.212425.debian.7s6ulb0t13.tmp
/tmp/.tmpASqYcr/.git/refs/tags/debian/openssl-1.1.1__pre3-1
/tmp/.tmpASqYcr/.git/refs/tags/debian/openssl-1.1.1__pre3-1
/tmp/.tmpASqYcr/.git/refs/tags/debian/openssl-1.1.1__pre3-1
/tmp/.tmpASqYcr/.git/refs/tags/debian/openssl-1.1.1__pre3-1.212425.debian.ejltie2k7f.tmp
/tmp/.tmpASqYcr/.git/refs/tags/debian/openssl-1.1.1__pre4-1
/tmp/.tmpASqYcr/.git/refs/tags/debian/openssl-1.1.1__pre4-1
/tmp/.tmpASqYcr/.git/refs/tags/debian/openssl-1.1.1__pre4-1
/tmp/.tmpASqYcr/.git/refs/tags/debian/openssl-1.1.1__pre4-1.212425.debian.l3fhls2vf0.tmp
/tmp/.tmpASqYcr/.git/refs/tags/debian/openssl-0.9.8a-1
/tmp/.tmpASqYcr/.git/refs/tags/debian/openssl-0.9.8a-1
/tmp/.tmpASqYcr/.git/refs/tags/debian/openssl-0.9.8a-1
/tmp/.tmpASqYcr/.git/refs/tags/debian/openssl-0.9.8a-1.212425.debian.gqm20haal9.tmp
/tmp/.tmpASqYcr/.git/refs/tags/debian/openssl-0.9.7g-2
/tmp/.tmpASqYcr/.git/refs/tags/debian/openssl-0.9.7g-2
/tmp/.tmpASqYcr/.git/refs/tags/debian/openssl-0.9.7g-2
/tmp/.tmpASqYcr/.git/refs/tags/debian/openssl-0.9.7g-2.212425.debian.rq31yt5fim.tmp
/tmp/.tmpASqYcr/.git/refs/tags/debian/openssl-3.2.0-2
/tmp/.tmpASqYcr/.git/refs/tags/debian/openssl-3.2.0-2
/tmp/.tmpASqYcr/.git/refs/tags/debian/openssl-3.2.0-2
/tmp/.tmpASqYcr/.git/refs/tags/debian/openssl-3.2.0-2.212425.debian.0guybycpub.tmp
/tmp/.tmpASqYcr/.git/refs/tags/debian/openssl-1.1.1c-1
/tmp/.tmpASqYcr/.git/refs/tags/debian/openssl-1.1.1c-1
/tmp/.tmpASqYcr/.git/refs/tags/debian/openssl-1.1.1c-1
/tmp/.tmpASqYcr/.git/refs/tags/debian/openssl-1.1.1c-1.212425.debian.1voreyerai.tmp
/tmp/.tmpASqYcr/.git/refs/tags/debian/openssl-3.1.0-1
/tmp/.tmpASqYcr/.git/refs/tags/debian/openssl-3.1.0-1
/tmp/.tmpASqYcr/.git/refs/tags/debian/openssl-3.1.0-1
/tmp/.tmpASqYcr/.git/refs/tags/debian/openssl-3.1.0-1.212425.debian.h9fc295rku.tmp
/tmp/.tmpASqYcr/.git/refs/tags/debian/openssl-1.0.2b-1
/tmp/.tmpASqYcr/.git/refs/tags/debian/openssl-1.0.2b-1
/tmp/.tmpASqYcr/.git/refs/tags/debian/openssl-1.0.2b-1
/tmp/.tmpASqYcr/.git/refs/tags/debian/openssl-1.0.2b-1.212425.debian.1j4hm1hil0.tmp
/tmp/.tmpASqYcr/.git/refs/tags/debian/openssl-0.9.8o-4
/tmp/.tmpASqYcr/.git/refs/tags/debian/openssl-0.9.8o-4
/tmp/.tmpASqYcr/.git/refs/tags/debian/openssl-0.9.8o-4
/tmp/.tmpASqYcr/.git/refs/tags/debian/openssl-0.9.8o-4.212425.debian.mgou7y23z9.tmp
/tmp/.tmpASqYcr/.git/refs/tags/debian/openssl-3.0.3-5
/tmp/.tmpASqYcr/.git/refs/tags/debian/openssl-3.0.3-5
/tmp/.tmpASqYcr/.git/refs/tags/debian/openssl-3.0.3-5
/tmp/.tmpASqYcr/.git/refs/tags/debian/openssl-3.0.3-5.212425.debian.enussfrqu5.tmp
/tmp/.tmpASqYcr/.git/refs/tags/debian/openssl-3.5.2-1
/tmp/.tmpASqYcr/.git/refs/tags/debian/openssl-3.5.2-1
/tmp/.tmpASqYcr/.git/refs/tags/debian/openssl-3.5.2-1
/tmp/.tmpASqYcr/.git/refs/tags/debian/openssl-3.5.2-1.212425.debian.ykiijm97lf.tmp
/tmp/.tmpASqYcr/.git/refs/tags/debian/openssl-0.9.8a-3
/tmp/.tmpASqYcr/.git/refs/tags/debian/openssl-0.9.8a-3
/tmp/.tmpASqYcr/.git/refs/tags/debian/openssl-0.9.8a-3
/tmp/.tmpASqYcr/.git/refs/tags/debian/openssl-0.9.8a-3.212425.debian.dixzg07fv4.tmp
/tmp/.tmpASqYcr/.git/refs/tags/debian/openssl-0.9.8e-9
/tmp/.tmpASqYcr/.git/refs/tags/debian/openssl-0.9.8e-9
/tmp/.tmpASqYcr/.git/refs/tags/debian/openssl-0.9.8e-9
/tmp/.tmpASqYcr/.git/refs/tags/debian/openssl-0.9.8e-9.212425.debian.2hqvfnusy9.tmp
/tmp/.tmpASqYcr/.git/refs/tags/debian/openssl-1.0.1e-2
/tmp/.tmpASqYcr/.git/refs/tags/debian/openssl-1.0.1e-2
/tmp/.tmpASqYcr/.git/refs/tags/debian/openssl-1.0.1e-2
/tmp/.tmpASqYcr/.git/refs/tags/debian/openssl-1.0.1e-2.212425.debian.nmdh8odoeb.tmp
/tmp/.tmpASqYcr/.git/refs/tags/debian/openssl-3.5.0-2
/tmp/.tmpASqYcr/.git/refs/tags/debian/openssl-3.5.0-2
/tmp/.tmpASqYcr/.git/refs/tags/debian/openssl-3.5.0-2
/tmp/.tmpASqYcr/.git/refs/tags/debian/openssl-3.5.0-2.212425.debian.3xg52fgt0i.tmp
/tmp/.tmpASqYcr/.git/refs/tags/debian/openssl-1.0.1-1
/tmp/.tmpASqYcr/.git/refs/tags/debian/openssl-1.0.1-1
/tmp/.tmpASqYcr/.git/refs/tags/debian/openssl-1.0.1-1
/tmp/.tmpASqYcr/.git/refs/tags/debian/openssl-1.0.1-1.212425.debian.echajae61q.tmp
/tmp/.tmpASqYcr/.git/refs/tags/debian/openssl-3.0.5-3
/tmp/.tmpASqYcr/.git/refs/tags/debian/openssl-3.0.5-3
/tmp/.tmpASqYcr/.git/refs/tags/debian/openssl-3.0.5-3
/tmp/.tmpASqYcr/.git/refs/tags/debian/openssl-3.0.5-3.212425.debian.4gmwkks23p.tmp
/tmp/.tmpASqYcr/.git/refs/tags/debian/openssl-0.9.8g-9
/tmp/.tmpASqYcr/.git/refs/tags/debian/openssl-0.9.8g-9
/tmp/.tmpASqYcr/.git/refs/tags/debian/openssl-0.9.8g-9
/tmp/.tmpASqYcr/.git/refs/tags/debian/openssl-0.9.8g-9.212425.debian.zbvmcu2x6j.tmp
/tmp/.tmpASqYcr/.git/refs/tags/debian/openssl-1.1.1__pre7-1
/tmp/.tmpASqYcr/.git/refs/tags/debian/openssl-1.1.1__pre7-1
/tmp/.tmpASqYcr/.git/refs/tags/debian/openssl-1.1.1__pre7-1
/tmp/.tmpASqYcr/.git/refs/tags/debian/openssl-1.1.1__pre7-1.212425.debian.4paz1r9yq2.tmp
/tmp/.tmpASqYcr/.git/refs/tags/debian/openssl-3.0.11-1
/tmp/.tmpASqYcr/.git/refs/tags/debian/openssl-3.0.11-1
/tmp/.tmpASqYcr/.git/refs/tags/debian/openssl-3.0.11-1
/tmp/.tmpASqYcr/.git/refs/tags/debian/openssl-3.0.11-1.212425.debian.ydnqhh8v2c.tmp
/tmp/.tmpASqYcr/.git/refs/tags/debian/openssl-0.9.8g-2
/tmp/.tmpASqYcr/.git/refs/tags/debian/openssl-0.9.8g-2
/tmp/.tmpASqYcr/.git/refs/tags/debian/openssl-0.9.8g-2
/tmp/.tmpASqYcr/.git/refs/tags/debian/openssl-0.9.8g-2.212425.debian.la7geddqmu.tmp
/tmp/.tmpASqYcr/.git/refs/tags/debian/openssl-3.0.1-1
/tmp/.tmpASqYcr/.git/refs/tags/debian/openssl-3.0.1-1
/tmp/.tmpASqYcr/.git/refs/tags/debian/openssl-3.0.1-1
/tmp/.tmpASqYcr/.git/refs/tags/debian/openssl-3.0.1-1.212425.debian.isqzrvcrp8.tmp
/tmp/.tmpASqYcr/.git/refs/tags/debian/openssl-1.1.1__pre8-1
/tmp/.tmpASqYcr/.git/refs/tags/debian/openssl-1.1.1__pre8-1
/tmp/.tmpASqYcr/.git/refs/tags/debian/openssl-1.1.1__pre8-1
/tmp/.tmpASqYcr/.git/refs/tags/debian/openssl-1.1.1__pre8-1.212425.debian.on6jporvsk.tmp
/tmp/.tmpASqYcr/.git/refs/tags/debian/openssl-0.9.8c-2
/tmp/.tmpASqYcr/.git/refs/tags/debian/openssl-0.9.8c-2
/tmp/.tmpASqYcr/.git/refs/tags/debian/openssl-0.9.8c-2
/tmp/.tmpASqYcr/.git/refs/tags/debian/openssl-0.9.8c-2.212425.debian.ydl5oaaz9u.tmp
/tmp/.tmpASqYcr/.git/refs/tags/debian/openssl-0.9.8g-3
/tmp/.tmpASqYcr/.git/refs/tags/debian/openssl-0.9.8g-3
/tmp/.tmpASqYcr/.git/refs/tags/debian/openssl-0.9.8g-3
/tmp/.tmpASqYcr/.git/refs/tags/debian/openssl-0.9.8g-3.212425.debian.6efg2vea0v.tmp
/tmp/.tmpASqYcr/.git/refs/tags/debian/openssl-1.1.1o-1
/tmp/.tmpASqYcr/.git/refs/tags/debian/openssl-1.1.1o-1
/tmp/.tmpASqYcr/.git/refs/tags/debian/openssl-1.1.1o-1
/tmp/.tmpASqYcr/.git/refs/tags/debian/openssl-1.1.1o-1.212425.debian.h84ddyn3tk.tmp
/tmp/.tmpASqYcr/.git/refs/tags/debian/openssl-3.0.2-1
/tmp/.tmpASqYcr/.git/refs/tags/debian/openssl-3.0.2-1
/tmp/.tmpASqYcr/.git/refs/tags/debian/openssl-3.0.2-1
/tmp/.tmpASqYcr/.git/refs/tags/debian/openssl-3.0.2-1.212425.debian.dttmc18mdh.tmp
/tmp/.tmpASqYcr/.git/refs/tags/debian/openssl-0.9.8g-1
/tmp/.tmpASqYcr/.git/refs/tags/debian/openssl-0.9.8g-1
/tmp/.tmpASqYcr/.git/refs/tags/debian/openssl-0.9.8g-1
/tmp/.tmpASqYcr/.git/refs/tags/debian/openssl-0.9.8g-1.212425.debian.1e92i1e1fj.tmp
/tmp/.tmpASqYcr/.git/refs/tags/debian/openssl-3.0.7-1
/tmp/.tmpASqYcr/.git/refs/tags/debian/openssl-3.0.7-1
/tmp/.tmpASqYcr/.git/refs/tags/debian/openssl-3.0.7-1
/tmp/.tmpASqYcr/.git/refs/tags/debian/openssl-3.0.7-1.212425.debian.sk5i9z1u96.tmp
/tmp/.tmpASqYcr/.git/refs/tags/debian/openssl-3.0.3-6
/tmp/.tmpASqYcr/.git/refs/tags/debian/openssl-3.0.3-6
/tmp/.tmpASqYcr/.git/refs/tags/debian/openssl-3.0.3-6
/tmp/.tmpASqYcr/.git/refs/tags/debian/openssl-3.0.3-6.212425.debian.a4mtvkjhzd.tmp
/tmp/.tmpASqYcr/.git/refs/tags/debian/openssl-3.1.4-2
/tmp/.tmpASqYcr/.git/refs/tags/debian/openssl-3.1.4-2
/tmp/.tmpASqYcr/.git/refs/tags/debian/openssl-3.1.4-2
/tmp/.tmpASqYcr/.git/refs/tags/debian/openssl-3.1.4-2.212425.debian.viojjmhmus.tmp
/tmp/.tmpASqYcr/.git/refs/tags/debian/openssl-0.9.8k-3
/tmp/.tmpASqYcr/.git/refs/tags/debian/openssl-0.9.8k-3
/tmp/.tmpASqYcr/.git/refs/tags/debian/openssl-0.9.8k-3
/tmp/.tmpASqYcr/.git/refs/tags/debian/openssl-0.9.8k-3.212425.debian.eda1vcpxbd.tmp
/tmp/.tmpASqYcr/.git/refs/tags/debian/openssl-1.0.1e-5
/tmp/.tmpASqYcr/.git/refs/tags/debian/openssl-1.0.1e-5
/tmp/.tmpASqYcr/.git/refs/tags/debian/openssl-1.0.1e-5
/tmp/.tmpASqYcr/.git/refs/tags/debian/openssl-1.0.1e-5.212425.debian.bsod2xt1x6.tmp
/tmp/.tmpASqYcr/.git/refs/tags/debian/openssl-0.9.8g-14
/tmp/.tmpASqYcr/.git/refs/tags/debian/openssl-0.9.8g-14
/tmp/.tmpASqYcr/.git/refs/tags/debian/openssl-0.9.8g-14
/tmp/.tmpASqYcr/.git/refs/tags/debian/openssl-0.9.8g-14.212425.debian.h0yzf5sis7.tmp
/tmp/.tmpASqYcr/.git/refs/tags/debian/openssl-0.9.8k-1
/tmp/.tmpASqYcr/.git/refs/tags/debian/openssl-0.9.8k-1
/tmp/.tmpASqYcr/.git/refs/tags/debian/openssl-0.9.8k-1
/tmp/.tmpASqYcr/.git/refs/tags/debian/openssl-0.9.8k-1.212425.debian.xqg1qc3msx.tmp
/tmp/.tmpASqYcr/.git/refs/tags/debian/openssl-3.0.12-2
/tmp/.tmpASqYcr/.git/refs/tags/debian/openssl-3.0.12-2
/tmp/.tmpASqYcr/.git/refs/tags/debian/openssl-3.0.12-2
/tmp/.tmpASqYcr/.git/refs/tags/debian/openssl-3.0.12-2.212425.debian.g22rxc7n6l.tmp
/tmp/.tmpASqYcr/.git/refs/tags/debian/openssl-1.1.1b-1
/tmp/.tmpASqYcr/.git/refs/tags/debian/openssl-1.1.1b-1
/tmp/.tmpASqYcr/.git/refs/tags/debian/openssl-1.1.1b-1
/tmp/.tmpASqYcr/.git/refs/tags/debian/openssl-1.1.1b-1.212425.debian.x0icfajnb4.tmp
/tmp/.tmpASqYcr/.git/refs/tags/debian/openssl-3.3.0-1
/tmp/.tmpASqYcr/.git/refs/tags/debian/openssl-3.3.0-1
/tmp/.tmpASqYcr/.git/refs/tags/debian/openssl-3.3.0-1
/tmp/.tmpASqYcr/.git/refs/tags/debian/openssl-3.3.0-1.212425.debian.1pq8lloqyc.tmp
/tmp/.tmpASqYcr/.git/refs/tags/debian/openssl-3.0.5-4
/tmp/.tmpASqYcr/.git/refs/tags/debian/openssl-3.0.5-4
/tmp/.tmpASqYcr/.git/refs/tags/debian/openssl-3.0.5-4
/tmp/.tmpASqYcr/.git/refs/tags/debian/openssl-3.0.5-4.212425.debian.bztusn4ke7.tmp
/tmp/.tmpASqYcr/.git/refs/tags/debian/openssl-1.1.1i-2
/tmp/.tmpASqYcr/.git/refs/tags/debian/openssl-1.1.1i-2
/tmp/.tmpASqYcr/.git/refs/tags/debian/openssl-1.1.1i-2
/tmp/.tmpASqYcr/.git/refs/tags/debian/openssl-1.1.1i-2.212425.debian.4c3z5fk679.tmp
/tmp/.tmpASqYcr/.git/refs/tags/debian/openssl-0.9.8e-8
/tmp/.tmpASqYcr/.git/refs/tags/debian/openssl-0.9.8e-8
/tmp/.tmpASqYcr/.git/refs/tags/debian/openssl-0.9.8e-8
/tmp/.tmpASqYcr/.git/refs/tags/debian/openssl-0.9.8e-8.212425.debian.4tz34bxuxv.tmp
/tmp/.tmpASqYcr/.git/refs/tags/debian/openssl-3.5.0__alpha1-1
/tmp/.tmpASqYcr/.git/refs/tags/debian/openssl-3.5.0__alpha1-1
/tmp/.tmpASqYcr/.git/refs/tags/debian/openssl-3.5.0__alpha1-1
/tmp/.tmpASqYcr/.git/refs/tags/debian/openssl-3.5.0__alpha1-1.212425.debian.1dlguuwdyd.tmp
/tmp/.tmpASqYcr/.git/refs/tags/debian/openssl-1.0.1-2
/tmp/.tmpASqYcr/.git/refs/tags/debian/openssl-1.0.1-2
/tmp/.tmpASqYcr/.git/refs/tags/debian/openssl-1.0.1-2
/tmp/.tmpASqYcr/.git/refs/tags/debian/openssl-1.0.1-2.212425.debian.36j4x7d5y0.tmp
/tmp/.tmpASqYcr/.git/refs/tags/debian/openssl-1.1.1k-1
/tmp/.tmpASqYcr/.git/refs/tags/debian/openssl-1.1.1k-1
/tmp/.tmpASqYcr/.git/refs/tags/debian/openssl-1.1.1k-1
/tmp/.tmpASqYcr/.git/refs/tags/debian/openssl-1.1.1k-1.212425.debian.u7ashybgq9.tmp
/tmp/.tmpASqYcr/.git/refs/tags/debian/openssl-3.0.0__alpha3-1
/tmp/.tmpASqYcr/.git/refs/tags/debian/openssl-3.0.0__alpha3-1
/tmp/.tmpASqYcr/.git/refs/tags/debian/openssl-3.0.0__alpha3-1
/tmp/.tmpASqYcr/.git/refs/tags/debian/openssl-3.0.0__alpha3-1.212425.debian.2fwmwcfyxl.tmp
/tmp/.tmpASqYcr/.git/refs/tags/debian/openssl-3.0.0__beta1-1
/tmp/.tmpASqYcr/.git/refs/tags/debian/openssl-3.0.0__beta1-1
/tmp/.tmpASqYcr/.git/refs/tags/debian/openssl-3.0.0__beta1-1
/tmp/.tmpASqYcr/.git/refs/tags/debian/openssl-3.0.0__beta1-1.212425.debian.01i71dduy2.tmp
/tmp/.tmpASqYcr/.git/refs/tags/debian/openssl-3.4.0-2
/tmp/.tmpASqYcr/.git/refs/tags/debian/openssl-3.4.0-2
/tmp/.tmpASqYcr/.git/refs/tags/debian/openssl-3.4.0-2
/tmp/.tmpASqYcr/.git/refs/tags/debian/openssl-3.4.0-2.212425.debian.f30nywcbt7.tmp
/tmp/.tmpASqYcr/.git/refs/tags/debian/openssl-1.1.1a-1
/tmp/.tmpASqYcr/.git/refs/tags/debian/openssl-1.1.1a-1
/tmp/.tmpASqYcr/.git/refs/tags/debian/openssl-1.1.1a-1
/tmp/.tmpASqYcr/.git/refs/tags/debian/openssl-1.1.1a-1.212425.debian.rqsbxlcnji.tmp
/tmp/.tmpASqYcr/.git/refs/tags/debian/openssl-0.9.8o-3
/tmp/.tmpASqYcr/.git/refs/tags/debian/openssl-0.9.8o-3
/tmp/.tmpASqYcr/.git/refs/tags/debian/openssl-0.9.8o-3
/tmp/.tmpASqYcr/.git/refs/tags/debian/openssl-0.9.8o-3.212425.debian.54yzq9aph9.tmp
/tmp/.tmpASqYcr/.git/refs/tags/debian/openssl-0.9.8a-5
/tmp/.tmpASqYcr/.git/refs/tags/debian/openssl-0.9.8a-5
/tmp/.tmpASqYcr/.git/refs/tags/debian/openssl-0.9.8a-5
/tmp/.tmpASqYcr/.git/refs/tags/debian/openssl-0.9.8a-5.212425.debian.fk3t0ffm6j.tmp
/tmp/.tmpASqYcr/.git/refs/tags/debian/openssl-0.9.7g-1
/tmp/.tmpASqYcr/.git/refs/tags/debian/openssl-0.9.7g-1
/tmp/.tmpASqYcr/.git/refs/tags/debian/openssl-0.9.7g-1
/tmp/.tmpASqYcr/.git/refs/tags/debian/openssl-0.9.7g-1.212425.debian.16i3trkhlf.tmp
/tmp/.tmpASqYcr/.git/refs/tags/debian/openssl-3.5.5-1
/tmp/.tmpASqYcr/.git/refs/tags/debian/openssl-3.5.5-1
/tmp/.tmpASqYcr/.git/refs/tags/debian/openssl-3.5.5-1
/tmp/.tmpASqYcr/.git/refs/tags/debian/openssl-3.5.5-1.212425.debian.f5sd3jayrm.tmp
/tmp/.tmpASqYcr/.git/refs/tags/debian/openssl-0.9.8g-11
/tmp/.tmpASqYcr/.git/refs/tags/debian/openssl-0.9.8g-11
/tmp/.tmpASqYcr/.git/refs/tags/debian/openssl-0.9.8g-11
/tmp/.tmpASqYcr/.git/refs/tags/debian/openssl-0.9.8g-11.212425.debian.2pie001w08.tmp
/tmp/.tmpASqYcr/.git/refs/tags/debian/openssl-1.0.1e-4
/tmp/.tmpASqYcr/.git/refs/tags/debian/openssl-1.0.1e-4
/tmp/.tmpASqYcr/.git/refs/tags/debian/openssl-1.0.1e-4
/tmp/.tmpASqYcr/.git/refs/tags/debian/openssl-1.0.1e-4.212425.debian.bspb5m0blx.tmp
/tmp/.tmpASqYcr/.git/refs/tags/debian/openssl-0.9.8e-2
/tmp/.tmpASqYcr/.git/refs/tags/debian/openssl-0.9.8e-2
/tmp/.tmpASqYcr/.git/refs/tags/debian/openssl-0.9.8e-2
/tmp/.tmpASqYcr/.git/refs/tags/debian/openssl-0.9.8e-2.212425.debian.l7enxp40se.tmp
/tmp/.tmpASqYcr/.git/refs/tags/debian/openssl-3.0.7-2
/tmp/.tmpASqYcr/.git/refs/tags/debian/openssl-3.0.7-2
/tmp/.tmpASqYcr/.git/refs/tags/debian/openssl-3.0.7-2
/tmp/.tmpASqYcr/.git/refs/tags/debian/openssl-3.0.7-2.212425.debian.2nus9o4u4v.tmp
/tmp/.tmpASqYcr/.git/refs/tags/debian/openssl-0.9.8-2
/tmp/.tmpASqYcr/.git/refs/tags/debian/openssl-0.9.8-2
/tmp/.tmpASqYcr/.git/refs/tags/debian/openssl-0.9.8-2
/tmp/.tmpASqYcr/.git/refs/tags/debian/openssl-0.9.8-2.212425.debian.1tk3rb7q9e.tmp
/tmp/.tmpASqYcr/.git/refs/tags/debian/openssl-1.1.1f-1
/tmp/.tmpASqYcr/.git/refs/tags/debian/openssl-1.1.1f-1
/tmp/.tmpASqYcr/.git/refs/tags/debian/openssl-1.1.1f-1
/tmp/.tmpASqYcr/.git/refs/tags/debian/openssl-1.1.1f-1.212425.debian.w81ec9gxgx.tmp
/tmp/.tmpASqYcr/.git/refs/tags/debian/openssl-3.0.3-2
/tmp/.tmpASqYcr/.git/refs/tags/debian/openssl-3.0.3-2
/tmp/.tmpASqYcr/.git/refs/tags/debian/openssl-3.0.3-2
/tmp/.tmpASqYcr/.git/refs/tags/debian/openssl-3.0.3-2.212425.debian.9mac8m3ymj.tmp
/tmp/.tmpASqYcr/.git/refs/tags/debian/openssl-3.0.3-3
/tmp/.tmpASqYcr/.git/refs/tags/debian/openssl-3.0.3-3
/tmp/.tmpASqYcr/.git/refs/tags/debian/openssl-3.0.3-3
/tmp/.tmpASqYcr/.git/refs/tags/debian/openssl-3.0.3-3.212425.debian.y73xsubukj.tmp
/tmp/.tmpASqYcr/.git/refs/tags/debian/openssl-3.3.2-2
/tmp/.tmpASqYcr/.git/refs/tags/debian/openssl-3.3.2-2
/tmp/.tmpASqYcr/.git/refs/tags/debian/openssl-3.3.2-2
/tmp/.tmpASqYcr/.git/refs/tags/debian/openssl-3.3.2-2.212425.debian.hxiysuww4n.tmp
/tmp/.tmpASqYcr/.git/refs/tags/debian/openssl-3.5.3-1
/tmp/.tmpASqYcr/.git/refs/tags/debian/openssl-3.5.3-1
/tmp/.tmpASqYcr/.git/refs/tags/debian/openssl-3.5.3-1
/tmp/.tmpASqYcr/.git/refs/tags/debian/openssl-3.5.3-1.212425.debian.t325z2ksba.tmp
/tmp/.tmpASqYcr/.git/refs/tags/debian/openssl-1.1.1__pre1-1
/tmp/.tmpASqYcr/.git/refs/tags/debian/openssl-1.1.1__pre1-1
/tmp/.tmpASqYcr/.git/refs/tags/debian/openssl-1.1.1__pre1-1
/tmp/.tmpASqYcr/.git/refs/tags/debian/openssl-1.1.1__pre1-1.212425.debian.09l7g90lzs.tmp
/tmp/.tmpASqYcr/.git/refs/tags/debian/openssl-1.1.1g-1
/tmp/.tmpASqYcr/.git/refs/tags/debian/openssl-1.1.1g-1
/tmp/.tmpASqYcr/.git/refs/tags/debian/openssl-1.1.1g-1
/tmp/.tmpASqYcr/.git/refs/tags/debian/openssl-1.1.1g-1.212425.debian.0ysn2rwbjo.tmp
/tmp/.tmpASqYcr/.git/refs/tags/debian/openssl-3.1.5-1.1
/tmp/.tmpASqYcr/.git/refs/tags/debian/openssl-3.1.5-1.1
/tmp/.tmpASqYcr/.git/refs/tags/debian/openssl-3.1.5-1.1
/tmp/.tmpASqYcr/.git/refs/tags/debian/openssl-3.1.5-1.1.212425.debian.tusxbzzkdt.tmp
/tmp/.tmpASqYcr/.git/refs/tags/debian/openssl-3.3.1-5
/tmp/.tmpASqYcr/.git/refs/tags/debian/openssl-3.3.1-5
/tmp/.tmpASqYcr/.git/refs/tags/debian/openssl-3.3.1-5
/tmp/.tmpASqYcr/.git/refs/tags/debian/openssl-3.3.1-5.212425.debian.ax4ip7gt37.tmp
/tmp/.tmpASqYcr/.git/refs/tags/debian/openssl-3.1.2-1
/tmp/.tmpASqYcr/.git/refs/tags/debian/openssl-3.1.2-1
/tmp/.tmpASqYcr/.git/refs/tags/debian/openssl-3.1.2-1
/tmp/.tmpASqYcr/.git/refs/tags/debian/openssl-3.1.2-1.212425.debian.bat9x5pvyu.tmp
/tmp/.tmpASqYcr/.git/refs/tags/debian/openssl-1.1.1d-1
/tmp/.tmpASqYcr/.git/refs/tags/debian/openssl-1.1.1d-1
/tmp/.tmpASqYcr/.git/refs/tags/debian/openssl-1.1.1d-1
/tmp/.tmpASqYcr/.git/refs/tags/debian/openssl-1.1.1d-1.212425.debian.4r8xwzvqo1.tmp
/tmp/.tmpASqYcr/.git/refs/tags/debian/openssl-1.1.0f-5
/tmp/.tmpASqYcr/.git/refs/tags/debian/openssl-1.1.0f-5
/tmp/.tmpASqYcr/.git/refs/tags/debian/openssl-1.1.0f-5
/tmp/.tmpASqYcr/.git/refs/tags/debian/openssl-1.1.0f-5.212425.debian.pmvxdo2vbs.tmp
/tmp/.tmpASqYcr/.git/refs/tags/debian/openssl-1.0.0d-3
/tmp/.tmpASqYcr/.git/refs/tags/debian/openssl-1.0.0d-3
/tmp/.tmpASqYcr/.git/refs/tags/debian/openssl-1.0.0d-3
/tmp/.tmpASqYcr/.git/refs/tags/debian/openssl-1.0.0d-3.212425.debian.476749euz4.tmp
/tmp/.tmpASqYcr/.git/refs/tags/debian/openssl-3.0.4-1
/tmp/.tmpASqYcr/.git/refs/tags/debian/openssl-3.0.4-1
/tmp/.tmpASqYcr/.git/refs/tags/debian/openssl-3.0.4-1
/tmp/.tmpASqYcr/.git/refs/tags/debian/openssl-3.0.4-1.212425.debian.sf1wuxqiqt.tmp
/tmp/.tmpASqYcr/.git/refs/tags/debian/openssl-1.1.1__pre6-2
/tmp/.tmpASqYcr/.git/refs/tags/debian/openssl-1.1.1__pre6-2
/tmp/.tmpASqYcr/.git/refs/tags/debian/openssl-1.1.1__pre6-2
/tmp/.tmpASqYcr/.git/refs/tags/debian/openssl-1.1.1__pre6-2.212425.debian.3l5hh1i68e.tmp
/tmp/.tmpASqYcr/.git/refs/tags/debian/openssl-0.9.8g-10
/tmp/.tmpASqYcr/.git/refs/tags/debian/openssl-0.9.8g-10
/tmp/.tmpASqYcr/.git/refs/tags/debian/openssl-0.9.8g-10
/tmp/.tmpASqYcr/.git/refs/tags/debian/openssl-0.9.8g-10.212425.debian.4phwpjv6g6.tmp
/tmp/.tmpASqYcr/.git/refs/tags/debian/openssl-3.6.0-2
/tmp/.tmpASqYcr/.git/refs/tags/debian/openssl-3.6.0-2
/tmp/.tmpASqYcr/.git/refs/tags/debian/openssl-3.6.0-2
/tmp/.tmpASqYcr/.git/refs/tags/debian/openssl-3.6.0-2.212425.debian.r3g8k06cxo.tmp
/tmp/.tmpASqYcr/.git/refs/tags/debian/openssl-0.9.8n-1
/tmp/.tmpASqYcr/.git/refs/tags/debian/openssl-0.9.8n-1
/tmp/.tmpASqYcr/.git/refs/tags/debian/openssl-0.9.8n-1
/tmp/.tmpASqYcr/.git/refs/tags/debian/openssl-0.9.8n-1.212425.debian.r1hjg247ua.tmp
/tmp/.tmpASqYcr/.git/refs/tags/debian/openssl-0.9.8c-3
/tmp/.tmpASqYcr/.git/refs/tags/debian/openssl-0.9.8c-3
/tmp/.tmpASqYcr/.git/refs/tags/debian/openssl-0.9.8c-3
/tmp/.tmpASqYcr/.git/refs/tags/debian/openssl-0.9.8c-3.212425.debian.f2sabkytcz.tmp
/tmp/.tmpASqYcr/.git/refs/tags/debian/openssl-3.0.0-1
/tmp/.tmpASqYcr/.git/refs/tags/debian/openssl-3.0.0-1
/tmp/.tmpASqYcr/.git/refs/tags/debian/openssl-3.0.0-1
/tmp/.tmpASqYcr/.git/refs/tags/debian/openssl-3.0.0-1.212425.debian.droyn4pvgp.tmp
/tmp/.tmpASqYcr/.git/refs/tags/debian/openssl-3.6.0__beta1-1
/tmp/.tmpASqYcr/.git/refs/tags/debian/openssl-3.6.0__beta1-1
/tmp/.tmpASqYcr/.git/refs/tags/debian/openssl-3.6.0__beta1-1
/tmp/.tmpASqYcr/.git/refs/tags/debian/openssl-3.6.0__beta1-1.212425.debian.lzllx6g1k3.tmp
/tmp/.tmpASqYcr/.git/refs/tags/debian/openssl-3.4.0__beta1-2
/tmp/.tmpASqYcr/.git/refs/tags/debian/openssl-3.4.0__beta1-2
/tmp/.tmpASqYcr/.git/refs/tags/debian/openssl-3.4.0__beta1-2
/tmp/.tmpASqYcr/.git/refs/tags/debian/openssl-3.4.0__beta1-2.212425.debian.u35qv9q2qc.tmp
/tmp/.tmpASqYcr/.git/refs/tags/debian/openssl-0.9.8-1
/tmp/.tmpASqYcr/.git/refs/tags/debian/openssl-0.9.8-1
/tmp/.tmpASqYcr/.git/refs/tags/debian/openssl-0.9.8-1
/tmp/.tmpASqYcr/.git/refs/tags/debian/openssl-0.9.8-1.212425.debian.6tj5qibka4.tmp
/tmp/.tmpASqYcr/.git/refs/tags/debian/openssl-0.9.8a-8
/tmp/.tmpASqYcr/.git/refs/tags/debian/openssl-0.9.8a-8
/tmp/.tmpASqYcr/.git/refs/tags/debian/openssl-0.9.8a-8
/tmp/.tmpASqYcr/.git/refs/tags/debian/openssl-0.9.8a-8.212425.debian.0e0wa88awv.tmp
/tmp/.tmpASqYcr/.git/refs/tags/debian/openssl-3.0.3-4
/tmp/.tmpASqYcr/.git/refs/tags/debian/openssl-3.0.3-4
/tmp/.tmpASqYcr/.git/refs/tags/debian/openssl-3.0.3-4
/tmp/.tmpASqYcr/.git/refs/tags/debian/openssl-3.0.3-4.212425.debian.lmzri6eieh.tmp
/tmp/.tmpASqYcr/.git/refs/tags/debian/openssl-0.9.8g-4
/tmp/.tmpASqYcr/.git/refs/tags/debian/openssl-0.9.8g-4
/tmp/.tmpASqYcr/.git/refs/tags/debian/openssl-0.9.8g-4
/tmp/.tmpASqYcr/.git/refs/tags/debian/openssl-0.9.8g-4.212425.debian.v1vc39xzxa.tmp
/tmp/.tmpASqYcr/.git/refs/tags/debian/openssl-0.9.8e-4
/tmp/.tmpASqYcr/.git/refs/tags/debian/openssl-0.9.8e-4
/tmp/.tmpASqYcr/.git/refs/tags/debian/openssl-0.9.8e-4
/tmp/.tmpASqYcr/.git/refs/tags/debian/openssl-0.9.8e-4.212425.debian.xmk33ley77.tmp
/tmp/.tmpASqYcr/.git/refs/tags/debian/openssl-1.0.0e-3
/tmp/.tmpASqYcr/.git/refs/tags/debian/openssl-1.0.0e-3
/tmp/.tmpASqYcr/.git/refs/tags/debian/openssl-1.0.0e-3
/tmp/.tmpASqYcr/.git/refs/tags/debian/openssl-1.0.0e-3.212425.debian.dovlvk8lmu.tmp
/tmp/.tmpASqYcr/.git/refs/tags/debian/openssl-1.1.0h-2
/tmp/.tmpASqYcr/.git/refs/tags/debian/openssl-1.1.0h-2
/tmp/.tmpASqYcr/.git/refs/tags/debian/openssl-1.1.0h-2
/tmp/.tmpASqYcr/.git/refs/tags/debian/openssl-1.1.0h-2.212425.debian.nkt0drk53s.tmp
/tmp/.tmpASqYcr/.git/refs/tags/debian/openssl-0.9.8g-12
/tmp/.tmpASqYcr/.git/refs/tags/debian/openssl-0.9.8g-12
/tmp/.tmpASqYcr/.git/refs/tags/debian/openssl-0.9.8g-12
/tmp/.tmpASqYcr/.git/refs/tags/debian/openssl-0.9.8g-12.212425.debian.hraoefd19w.tmp
/tmp/.tmpASqYcr/.git/refs/tags/debian/openssl-1.0.0h-1
/tmp/.tmpASqYcr/.git/refs/tags/debian/openssl-1.0.0h-1
/tmp/.tmpASqYcr/.git/refs/tags/debian/openssl-1.0.0h-1
/tmp/.tmpASqYcr/.git/refs/tags/debian/openssl-1.0.0h-1.212425.debian.78s6rbn6ry.tmp
/tmp/.tmpASqYcr/.git/refs/tags/debian/openssl-1.0.1f-1
/tmp/.tmpASqYcr/.git/refs/tags/debian/openssl-1.0.1f-1
/tmp/.tmpASqYcr/.git/refs/tags/debian/openssl-1.0.1f-1
/tmp/.tmpASqYcr/.git/refs/tags/debian/openssl-1.0.1f-1.212425.debian.k8rjngg5ed.tmp
/tmp/.tmpASqYcr/.git/refs/tags/debian/openssl-3.2.1-1
/tmp/.tmpASqYcr/.git/refs/tags/debian/openssl-3.2.1-1
/tmp/.tmpASqYcr/.git/refs/tags/debian/openssl-3.2.1-1
/tmp/.tmpASqYcr/.git/refs/tags/debian/openssl-3.2.1-1.212425.debian.0n8c53ustz.tmp
/tmp/.tmpASqYcr/.git/refs/tags/debian/openssl-1.1.1__pre2-1
/tmp/.tmpASqYcr/.git/refs/tags/debian/openssl-1.1.1__pre2-1
/tmp/.tmpASqYcr/.git/refs/tags/debian/openssl-1.1.1__pre2-1
/tmp/.tmpASqYcr/.git/refs/tags/debian/openssl-1.1.1__pre2-1.212425.debian.3q88g4fwuo.tmp
/tmp/.tmpASqYcr/.git/refs/tags/debian/openssl-0.9.7g-3
/tmp/.tmpASqYcr/.git/refs/tags/debian/openssl-0.9.7g-3
/tmp/.tmpASqYcr/.git/refs/tags/debian/openssl-0.9.7g-3
/tmp/.tmpASqYcr/.git/refs/tags/debian/openssl-0.9.7g-3.212425.debian.ywgg8sditq.tmp
/tmp/.tmpASqYcr/.git/refs/tags/debian/openssl-0.9.8c-1
/tmp/.tmpASqYcr/.git/refs/tags/debian/openssl-0.9.8c-1
/tmp/.tmpASqYcr/.git/refs/tags/debian/openssl-0.9.8c-1
/tmp/.tmpASqYcr/.git/refs/tags/debian/openssl-0.9.8c-1.212425.debian.ecxsm7ua2b.tmp
/tmp/.tmpASqYcr/.git/refs/tags/debian/openssl-3.5.4-1
/tmp/.tmpASqYcr/.git/refs/tags/debian/openssl-3.5.4-1
/tmp/.tmpASqYcr/.git/refs/tags/debian/openssl-3.5.4-1
/tmp/.tmpASqYcr/.git/refs/tags/debian/openssl-3.5.4-1.212425.debian.0fsinyvbox.tmp
/tmp/.tmpASqYcr/.git/refs/tags/debian/openssl-3.3.0_beta1-1
/tmp/.tmpASqYcr/.git/refs/tags/debian/openssl-3.3.0_beta1-1
/tmp/.tmpASqYcr/.git/refs/tags/debian/openssl-3.3.0_beta1-1
/tmp/.tmpASqYcr/.git/refs/tags/debian/openssl-3.3.0_beta1-1.212425.debian.cx60dter4q.tmp
/tmp/.tmpASqYcr/.git/refs/tags/debian/openssl-1.1.1-1
/tmp/.tmpASqYcr/.git/refs/tags/debian/openssl-1.1.1-1
/tmp/.tmpASqYcr/.git/refs/tags/debian/openssl-1.1.1-1
/tmp/.tmpASqYcr/.git/refs/tags/debian/openssl-1.1.1-1.212425.debian.deia57b83e.tmp
/tmp/.tmpASqYcr/.git/refs/tags/debian/openssl-1.0.1c-4
/tmp/.tmpASqYcr/.git/refs/tags/debian/openssl-1.0.1c-4
/tmp/.tmpASqYcr/.git/refs/tags/debian/openssl-1.0.1c-4
/tmp/.tmpASqYcr/.git/refs/tags/debian/openssl-1.0.1c-4.212425.debian.2rt3bffbqn.tmp
/tmp/.tmpASqYcr/.git/refs/tags/debian/openssl-3.0.4-2
/tmp/.tmpASqYcr/.git/refs/tags/debian/openssl-3.0.4-2
/tmp/.tmpASqYcr/.git/refs/tags/debian/openssl-3.0.4-2
/tmp/.tmpASqYcr/.git/refs/tags/debian/openssl-3.0.4-2.212425.debian.1ddsgps671.tmp
/tmp/.tmpASqYcr/.git/refs/tags/debian/openssl-3.2.0-1
/tmp/.tmpASqYcr/.git/refs/tags/debian/openssl-3.2.0-1
/tmp/.tmpASqYcr/.git/refs/tags/debian/openssl-3.2.0-1
/tmp/.tmpASqYcr/.git/refs/tags/debian/openssl-3.2.0-1.212425.debian.v4j3vni1mp.tmp
/tmp/.tmpASqYcr/.git/refs/tags/debian/openssl-1.0.1a-3
/tmp/.tmpASqYcr/.git/refs/tags/debian/openssl-1.0.1a-3
/tmp/.tmpASqYcr/.git/refs/tags/debian/openssl-1.0.1a-3
/tmp/.tmpASqYcr/.git/refs/tags/debian/openssl-1.0.1a-3.212425.debian.69tgdz207m.tmp
/tmp/.tmpASqYcr/.git/refs/tags/debian/openssl-1.1.1i-3
/tmp/.tmpASqYcr/.git/refs/tags/debian/openssl-1.1.1i-3
/tmp/.tmpASqYcr/.git/refs/tags/debian/openssl-1.1.1i-3
/tmp/.tmpASqYcr/.git/refs/tags/debian/openssl-1.1.1i-3.212425.debian.bij2xjk02d.tmp
/tmp/.tmpASqYcr/.git/refs/tags/debian/openssl-1.1.0g-1
/tmp/.tmpASqYcr/.git/refs/tags/debian/openssl-1.1.0g-1
/tmp/.tmpASqYcr/.git/refs/tags/debian/openssl-1.1.0g-1
/tmp/.tmpASqYcr/.git/refs/tags/debian/openssl-1.1.0g-1.212425.debian.ktj4ayca18.tmp
/tmp/.tmpASqYcr/.git/refs/tags/debian/openssl-0.9.8c-4
/tmp/.tmpASqYcr/.git/refs/tags/debian/openssl-0.9.8c-4
/tmp/.tmpASqYcr/.git/refs/tags/debian/openssl-0.9.8c-4
/tmp/.tmpASqYcr/.git/refs/tags/debian/openssl-0.9.8c-4.212425.debian.olnznui8ol.tmp
/tmp/.tmpASqYcr/.git/refs/tags/debian/openssl-1.1.0h-4
/tmp/.tmpASqYcr/.git/refs/tags/debian/openssl-1.1.0h-4
/tmp/.tmpASqYcr/.git/refs/tags/debian/openssl-1.1.0h-4
/tmp/.tmpASqYcr/.git/refs/tags/debian/openssl-1.1.0h-4.212425.debian.xgan5m4hhc.tmp
/tmp/.tmpASqYcr/.git/refs/tags/debian/openssl-3.1.3-1
/tmp/.tmpASqYcr/.git/refs/tags/debian/openssl-3.1.3-1
/tmp/.tmpASqYcr/.git/refs/tags/debian/openssl-3.1.3-1
/tmp/.tmpASqYcr/.git/refs/tags/debian/openssl-3.1.3-1.212425.debian.xef8e5phvj.tmp
/tmp/.tmpASqYcr/.git/refs/tags/debian/openssl-0.9.8g-15
/tmp/.tmpASqYcr/.git/refs/tags/debian/openssl-0.9.8g-15
/tmp/.tmpASqYcr/.git/refs/tags/debian/openssl-0.9.8g-15
/tmp/.tmpASqYcr/.git/refs/tags/debian/openssl-0.9.8g-15.212425.debian.l5hudsxe2x.tmp
/tmp/.tmpASqYcr/.git/refs/tags/debian/openssl-3.2.1-1.1_exp1
/tmp/.tmpASqYcr/.git/refs/tags/debian/openssl-3.2.1-1.1_exp1
/tmp/.tmpASqYcr/.git/refs/tags/debian/openssl-3.2.1-1.1_exp1
/tmp/.tmpASqYcr/.git/refs/tags/debian/openssl-3.2.1-1.1_exp1.212425.debian.zc5xkz47gj.tmp
/tmp/.tmpASqYcr/.git/refs/tags/debian/openssl-0.9.8m-1
/tmp/.tmpASqYcr/.git/refs/tags/debian/openssl-0.9.8m-1
/tmp/.tmpASqYcr/.git/refs/tags/debian/openssl-0.9.8m-1
/tmp/.tmpASqYcr/.git/refs/tags/debian/openssl-0.9.8m-1.212425.debian.l0xr9pjeje.tmp
/tmp/.tmpASqYcr/.git/refs/tags/debian/openssl-3.0.0__alpha13-2
/tmp/.tmpASqYcr/.git/refs/tags/debian/openssl-3.0.0__alpha13-2
/tmp/.tmpASqYcr/.git/refs/tags/debian/openssl-3.0.0__alpha13-2
/tmp/.tmpASqYcr/.git/refs/tags/debian/openssl-3.0.0__alpha13-2.212425.debian.6gjjveo1pu.tmp
/tmp/.tmpASqYcr/.git/refs/tags/debian/openssl-1.0.1c-2
/tmp/.tmpASqYcr/.git/refs/tags/debian/openssl-1.0.1c-2
/tmp/.tmpASqYcr/.git/refs/tags/debian/openssl-1.0.1c-2
/tmp/.tmpASqYcr/.git/refs/tags/debian/openssl-1.0.1c-2.212425.debian.94glt2yl92.tmp
/tmp/.tmpASqYcr/.git/refs/tags/debian/openssl-1.0.1b-1
/tmp/.tmpASqYcr/.git/refs/tags/debian/openssl-1.0.1b-1
/tmp/.tmpASqYcr/.git/refs/tags/debian/openssl-1.0.1b-1
/tmp/.tmpASqYcr/.git/refs/tags/debian/openssl-1.0.1b-1.212425.debian.xrdq5v6gpe.tmp
/tmp/.tmpASqYcr/.git/refs/tags/debian/openssl-1.0.1e-6
/tmp/.tmpASqYcr/.git/refs/tags/debian/openssl-1.0.1e-6
/tmp/.tmpASqYcr/.git/refs/tags/debian/openssl-1.0.1e-6
/tmp/.tmpASqYcr/.git/refs/tags/debian/openssl-1.0.1e-6.212425.debian.l5h3y7cw2w.tmp
/tmp/.tmpASqYcr/.git/refs/tags/debian/openssl-1.1.1d-2
/tmp/.tmpASqYcr/.git/refs/tags/debian/openssl-1.1.1d-2
/tmp/.tmpASqYcr/.git/refs/tags/debian/openssl-1.1.1d-2
/tmp/.tmpASqYcr/.git/refs/tags/debian/openssl-1.1.1d-2.212425.debian.gip08lu92b.tmp
/tmp/.tmpASqYcr/.git/refs/tags/debian/openssl-1.1.1l-1
/tmp/.tmpASqYcr/.git/refs/tags/debian/openssl-1.1.1l-1
/tmp/.tmpASqYcr/.git/refs/tags/debian/openssl-1.1.1l-1
/tmp/.tmpASqYcr/.git/refs/tags/debian/openssl-1.1.1l-1.212425.debian.f2xiqpupln.tmp
/tmp/.tmpASqYcr/.git/refs/tags/debian/openssl-0.9.8k-4
/tmp/.tmpASqYcr/.git/refs/tags/debian/openssl-0.9.8k-4
/tmp/.tmpASqYcr/.git/refs/tags/debian/openssl-0.9.8k-4
/tmp/.tmpASqYcr/.git/refs/tags/debian/openssl-0.9.8k-4.212425.debian.gy5hhla8vq.tmp
/tmp/.tmpASqYcr/debian/README.debian
/tmp/.tmpASqYcr/debian/changelog
/tmp/.tmpASqYcr/debian/control
/tmp/.tmpASqYcr/debian/copyright
/tmp/.tmpASqYcr/debian/gbp.conf
/tmp/.tmpASqYcr/debian/libcrypto3-udeb.dirs
/tmp/.tmpASqYcr/debian/libssl-dev.dirs
/tmp/.tmpASqYcr/debian/libssl-dev.install
/tmp/.tmpASqYcr/debian/libssl-doc.docs
/tmp/.tmpASqYcr/debian/libssl-doc.install
/tmp/.tmpASqYcr/debian/libssl3-udeb.dirs
/tmp/.tmpASqYcr/debian/libssl3t64.NEWS
/tmp/.tmpASqYcr/debian/libssl3t64.install
/tmp/.tmpASqYcr/debian/libssl3t64.lintian-overrides
/tmp/.tmpASqYcr/debian/libssl3t64.symbols
/tmp/.tmpASqYcr/debian/not-installed
/tmp/.tmpASqYcr/debian/openssl-provider-fips.install
/tmp/.tmpASqYcr/debian/openssl-provider-legacy.install
/tmp/.tmpASqYcr/debian/openssl.NEWS
/tmp/.tmpASqYcr/debian/openssl.dirs
/tmp/.tmpASqYcr/debian/openssl.docs
/tmp/.tmpASqYcr/debian/openssl.install
/tmp/.tmpASqYcr/debian/openssl.lintian-overrides
/tmp/.tmpASqYcr/debian/openssl.postinst
/tmp/.tmpASqYcr/debian/patches/Configure-allow-to-enable-ktls-if-target-does-not-start-w.patch
/tmp/.tmpASqYcr/debian/patches/debian-targets.patch
/tmp/.tmpASqYcr/debian/patches/man-section.patch
/tmp/.tmpASqYcr/debian/patches/series
/tmp/.tmpASqYcr/debian/rules
/tmp/.tmpASqYcr/debian/salsa-ci.yml
/tmp/.tmpASqYcr/debian/source/format
/tmp/.tmpASqYcr/debian/tests/25-test_verify.t
/tmp/.tmpASqYcr/debian/tests/OpenSSL/Test.pm
/tmp/.tmpASqYcr/debian/tests/control
/tmp/.tmpASqYcr/debian/tests/run-25-test-verify
/tmp/.tmpASqYcr/debian/upstream/metadata
/tmp/.tmpASqYcr/debian/upstream/signing-key.asc
/tmp/.tmpASqYcr/debian/watch
/tmp/.tmpASqYcr/debian/lintian-brush.conf
/tmp/.tmpASqYcr/debian/README.debian
/tmp/.tmpASqYcr/debian/changelog
/tmp/.tmpASqYcr/debian/control
/tmp/.tmpASqYcr/debian/copyright
/tmp/.tmpASqYcr/debian/gbp.conf
/tmp/.tmpASqYcr/debian/libcrypto3-udeb.dirs
/tmp/.tmpASqYcr/debian/libssl-dev.dirs
/tmp/.tmpASqYcr/debian/libssl-dev.install
/tmp/.tmpASqYcr/debian/libssl-doc.docs
/tmp/.tmpASqYcr/debian/libssl-doc.install
/tmp/.tmpASqYcr/debian/libssl3-udeb.dirs
/tmp/.tmpASqYcr/debian/libssl3t64.NEWS
/tmp/.tmpASqYcr/debian/libssl3t64.install
/tmp/.tmpASqYcr/debian/libssl3t64.lintian-overrides
/tmp/.tmpASqYcr/debian/libssl3t64.symbols
/tmp/.tmpASqYcr/debian/not-installed
/tmp/.tmpASqYcr/debian/openssl-provider-fips.install
/tmp/.tmpASqYcr/debian/openssl-provider-legacy.install
/tmp/.tmpASqYcr/debian/openssl.NEWS
/tmp/.tmpASqYcr/debian/openssl.dirs
/tmp/.tmpASqYcr/debian/openssl.docs
/tmp/.tmpASqYcr/debian/openssl.install
/tmp/.tmpASqYcr/debian/openssl.lintian-overrides
/tmp/.tmpASqYcr/debian/openssl.postinst
/tmp/.tmpASqYcr/debian/patches/Configure-allow-to-enable-ktls-if-target-does-not-start-w.patch
/tmp/.tmpASqYcr/debian/patches/debian-targets.patch
/tmp/.tmpASqYcr/debian/patches/man-section.patch
/tmp/.tmpASqYcr/debian/patches/series
/tmp/.tmpASqYcr/debian/rules
/tmp/.tmpASqYcr/debian/salsa-ci.yml
/tmp/.tmpASqYcr/debian/source/format
/tmp/.tmpASqYcr/debian/tests/25-test_verify.t
/tmp/.tmpASqYcr/debian/tests/OpenSSL/Test.pm
/tmp/.tmpASqYcr/debian/tests/control
/tmp/.tmpASqYcr/debian/tests/run-25-test-verify
/tmp/.tmpASqYcr/debian/upstream/metadata
/tmp/.tmpASqYcr/debian/upstream/signing-key.asc
/tmp/.tmpASqYcr/debian/watch
/tmp/.tmpASqYcr/debian/tests
/tmp/.tmpASqYcr/debian/tests/OpenSSL
/tmp/.tmpASqYcr/debian/upstream
/tmp/.tmpASqYcr/debian/source
/tmp/.tmpASqYcr/debian/patches
/tmp/.tmpASqYcr/debian/tests
/tmp/.tmpASqYcr/debian/tests/OpenSSL
/tmp/.tmpASqYcr/debian/upstream
/tmp/.tmpASqYcr/debian/source
/tmp/.tmpASqYcr/debian/patches
/tmp/.tmpASqYcr/debian/changelog
/tmp/.tmpASqYcr/debian/changelog
/tmp/.tmpASqYcr/debian/control
/tmp/.tmpASqYcr/debian/changelog
/tmp/.tmpASqYcr/debian/changelog
/tmp/.tmpASqYcr/debian/control
/tmp/.tmpASqYcr/debian/changelog
/tmp/.tmpASqYcr/debian/control
/tmp/.tmpASqYcr/debian/changelog
/tmp/.tmpASqYcr/debian/control
/tmp/.tmpASqYcr/debian/changelog
/tmp/.tmpASqYcr/debian/control
/tmp/.tmpASqYcr/debian/changelog
/tmp/.tmpASqYcr/debian/changelog
/tmp/.tmpASqYcr/debian/changelog
/tmp/.tmpASqYcr/debian/openssl.postinst
/tmp/.tmpASqYcr/debian/changelog
/tmp/.tmpASqYcr/debian/copyright
/tmp/.tmpASqYcr/debian/changelog
/tmp/.tmpASqYcr/debian/copyright
/tmp/.tmpASqYcr/debian/changelog
/tmp/.tmpASqYcr/debian/control
/tmp/.tmpASqYcr/debian/changelog
/tmp/.tmpASqYcr/debian/copyright
/tmp/.tmpASqYcr/debian/libssl3t64.lintian-overrides
/tmp/.tmpASqYcr/debian/openssl.lintian-overrides
/tmp/.tmpASqYcr/debian/libssl3t64.lintian-overrides
/tmp/.tmpASqYcr/debian/openssl.lintian-overrides
/tmp/.tmpASqYcr/debian/libssl3t64.lintian-overrides
/tmp/.tmpASqYcr/debian/openssl.lintian-overrides
/tmp/.tmpASqYcr/debian/libssl3t64.lintian-overrides
/tmp/.tmpASqYcr/debian/openssl.lintian-overrides
/tmp/.tmpASqYcr/debian/libssl3t64.lintian-overrides
/tmp/.tmpASqYcr/debian/openssl.lintian-overrides
/tmp/.tmpASqYcr/debian/libssl3t64.lintian-overrides
/tmp/.tmpASqYcr/debian/openssl.lintian-overrides
/tmp/.tmpASqYcr/debian/libssl3t64.lintian-overrides
/tmp/.tmpASqYcr/debian/openssl.lintian-overrides
/tmp/.tmpASqYcr/debian/libssl3t64.lintian-overrides
/tmp/.tmpASqYcr/debian/openssl.lintian-overrides
/tmp/.tmpASqYcr/debian/libssl3t64.lintian-overrides
/tmp/.tmpASqYcr/debian/openssl.lintian-overrides
/tmp/.tmpASqYcr/debian/libssl3t64.lintian-overrides
/tmp/.tmpASqYcr/debian/openssl.lintian-overrides
/tmp/.tmpASqYcr/debian/libssl3t64.lintian-overrides
/tmp/.tmpASqYcr/debian/openssl.lintian-overrides
/tmp/.tmpASqYcr/debian/libssl3t64.lintian-overrides
/tmp/.tmpASqYcr/debian/openssl.lintian-overrides
/tmp/.tmpASqYcr/debian/libssl3t64.lintian-overrides
/tmp/.tmpASqYcr/debian/openssl.lintian-overrides
/tmp/.tmpASqYcr/debian/libssl3t64.lintian-overrides
/tmp/.tmpASqYcr/debian/openssl.lintian-overrides
/tmp/.tmpASqYcr/debian/libssl3t64.lintian-overrides
/tmp/.tmpASqYcr/debian/openssl.lintian-overrides
/tmp/.tmpASqYcr/debian/libssl3t64.lintian-overrides
/tmp/.tmpASqYcr/debian/openssl.lintian-overrides
/tmp/.tmpASqYcr/debian/libssl3t64.lintian-overrides
/tmp/.tmpASqYcr/debian/openssl.lintian-overrides
/tmp/.tmpASqYcr/debian/libssl3t64.lintian-overrides
/tmp/.tmpASqYcr/debian/openssl.lintian-overrides
/tmp/.tmpASqYcr/debian/libssl3t64.lintian-overrides
/tmp/.tmpASqYcr/debian/openssl.lintian-overrides
/tmp/.tmpASqYcr/debian/libssl3t64.lintian-overrides
/tmp/.tmpASqYcr/debian/openssl.lintian-overrides
/tmp/.tmpASqYcr/debian/libssl3t64.lintian-overrides
/tmp/.tmpASqYcr/debian/openssl.lintian-overrides
/tmp/.tmpASqYcr/debian/libssl3t64.lintian-overrides
/tmp/.tmpASqYcr/debian/openssl.lintian-overrides
/tmp/.tmpASqYcr/debian/libssl3t64.lintian-overrides
/tmp/.tmpASqYcr/debian/openssl.lintian-overrides
/tmp/.tmpASqYcr/debian/libssl3t64.lintian-overrides
/tmp/.tmpASqYcr/debian/openssl.lintian-overrides
/tmp/.tmpASqYcr/debian/libssl3t64.lintian-overrides
/tmp/.tmpASqYcr/debian/openssl.lintian-overrides
/tmp/.tmpASqYcr/debian/libssl3t64.lintian-overrides
/tmp/.tmpASqYcr/debian/openssl.lintian-overrides
/tmp/.tmpASqYcr/debian/libssl3t64.lintian-overrides
/tmp/.tmpASqYcr/debian/openssl.lintian-overrides
/tmp/.tmpASqYcr/debian/libssl3t64.lintian-overrides
/tmp/.tmpASqYcr/debian/openssl.lintian-overrides
/tmp/.tmpASqYcr/debian/libssl3t64.lintian-overrides
/tmp/.tmpASqYcr/debian/openssl.lintian-overrides
/tmp/.tmpASqYcr/debian/libssl3t64.lintian-overrides
/tmp/.tmpASqYcr/debian/openssl.lintian-overrides
/tmp/.tmpASqYcr/debian/copyright
/tmp/.tmpASqYcr/debian/.gitignore
/tmp/.tmpASqYcr/debian/copyright/.gitignore
/tmp/.tmpASqYcr/debian/README.debian
/tmp/.tmpASqYcr/debian/changelog
/tmp/.tmpASqYcr/debian/control
/tmp/.tmpASqYcr/debian/copyright
/tmp/.tmpASqYcr/debian/copyright
/tmp/.tmpASqYcr/debian/gbp.conf
/tmp/.tmpASqYcr/debian/libcrypto3-udeb.dirs
/tmp/.tmpASqYcr/debian/libssl-dev.dirs
/tmp/.tmpASqYcr/debian/libssl-dev.install
/tmp/.tmpASqYcr/debian/libssl-doc.docs
/tmp/.tmpASqYcr/debian/libssl-doc.install
/tmp/.tmpASqYcr/debian/libssl3-udeb.dirs
/tmp/.tmpASqYcr/debian/libssl3t64.NEWS
/tmp/.tmpASqYcr/debian/libssl3t64.install
/tmp/.tmpASqYcr/debian/libssl3t64.lintian-overrides
/tmp/.tmpASqYcr/debian/libssl3t64.symbols
/tmp/.tmpASqYcr/debian/not-installed
/tmp/.tmpASqYcr/debian/openssl-provider-fips.install
/tmp/.tmpASqYcr/debian/openssl-provider-legacy.install
/tmp/.tmpASqYcr/debian/openssl.NEWS
/tmp/.tmpASqYcr/debian/openssl.dirs
/tmp/.tmpASqYcr/debian/openssl.docs
/tmp/.tmpASqYcr/debian/openssl.install
/tmp/.tmpASqYcr/debian/openssl.lintian-overrides
/tmp/.tmpASqYcr/debian/openssl.postinst
/tmp/.tmpASqYcr/debian/patches/Configure-allow-to-enable-ktls-if-target-does-not-start-w.patch
/tmp/.tmpASqYcr/debian/patches/debian-targets.patch
/tmp/.tmpASqYcr/debian/patches/man-section.patch
/tmp/.tmpASqYcr/debian/patches/series
/tmp/.tmpASqYcr/debian/rules
/tmp/.tmpASqYcr/debian/salsa-ci.yml
/tmp/.tmpASqYcr/debian/source/format
/tmp/.tmpASqYcr/debian/tests/25-test_verify.t
/tmp/.tmpASqYcr/debian/tests/OpenSSL/Test.pm
/tmp/.tmpASqYcr/debian/tests/control
/tmp/.tmpASqYcr/debian/tests/run-25-test-verify
/tmp/.tmpASqYcr/debian/upstream/metadata
/tmp/.tmpASqYcr/debian/upstream/signing-key.asc
/tmp/.tmpASqYcr/debian/watch
/tmp/.tmpASqYcr/debian/README.debian
/tmp/.tmpASqYcr/debian/changelog
/tmp/.tmpASqYcr/debian/control
/tmp/.tmpASqYcr/debian/copyright
/tmp/.tmpASqYcr/debian/copyright
/tmp/.tmpASqYcr/debian/gbp.conf
/tmp/.tmpASqYcr/debian/libcrypto3-udeb.dirs
/tmp/.tmpASqYcr/debian/libssl-dev.dirs
/tmp/.tmpASqYcr/debian/libssl-dev.install
/tmp/.tmpASqYcr/debian/libssl-doc.docs
/tmp/.tmpASqYcr/debian/libssl-doc.install
/tmp/.tmpASqYcr/debian/libssl3-udeb.dirs
/tmp/.tmpASqYcr/debian/libssl3t64.NEWS
/tmp/.tmpASqYcr/debian/libssl3t64.install
/tmp/.tmpASqYcr/debian/libssl3t64.lintian-overrides
/tmp/.tmpASqYcr/debian/libssl3t64.symbols
/tmp/.tmpASqYcr/debian/not-installed
/tmp/.tmpASqYcr/debian/openssl-provider-fips.install
/tmp/.tmpASqYcr/debian/openssl-provider-legacy.install
/tmp/.tmpASqYcr/debian/openssl.NEWS
/tmp/.tmpASqYcr/debian/openssl.dirs
/tmp/.tmpASqYcr/debian/openssl.docs
/tmp/.tmpASqYcr/debian/openssl.install
/tmp/.tmpASqYcr/debian/openssl.lintian-overrides
/tmp/.tmpASqYcr/debian/openssl.postinst
/tmp/.tmpASqYcr/debian/patches/Configure-allow-to-enable-ktls-if-target-does-not-start-w.patch
/tmp/.tmpASqYcr/debian/patches/debian-targets.patch
/tmp/.tmpASqYcr/debian/patches/man-section.patch
/tmp/.tmpASqYcr/debian/patches/series
/tmp/.tmpASqYcr/debian/rules
/tmp/.tmpASqYcr/debian/salsa-ci.yml
/tmp/.tmpASqYcr/debian/source/format
/tmp/.tmpASqYcr/debian/tests/25-test_verify.t
/tmp/.tmpASqYcr/debian/tests/OpenSSL/Test.pm
/tmp/.tmpASqYcr/debian/tests/control
/tmp/.tmpASqYcr/debian/tests/run-25-test-verify
/tmp/.tmpASqYcr/debian/upstream/metadata
/tmp/.tmpASqYcr/debian/upstream/signing-key.asc
/tmp/.tmpASqYcr/debian/watch
/tmp/.tmpASqYcr/debian/copyright
/tmp/.tmpASqYcr/debian/copyright
/tmp/.tmpASqYcr/debian/changelog
/tmp/.tmpASqYcr/debian/copyright
/tmp/.tmpASqYcr/debian/changelog
/tmp/.tmpASqYcr/debian/copyright
/tmp/.tmpASqYcr/debian/changelog
/tmp/.tmpASqYcr/debian/copyright
/tmp/.tmpASqYcr/debian/patches
/tmp/.tmpASqYcr/debian/watch
/tmp/.tmpASqYcr/debian/control
/tmp/.tmpASqYcr/debian/source/format
/tmp/.tmpASqYcr/debian/changelog
/tmp/.tmpASqYcr/debian/rules
/tmp/.tmpASqYcr/debian/copyright
/tmp/.tmpASqYcr/debian/patches/debian-targets.patch
/tmp/.tmpASqYcr/debian/patches/Configure-allow-to-enable-ktls-if-target-does-not-start-w.patch
/tmp/.tmpASqYcr/debian/patches/man-section.patch
/tmp/.tmpASqYcr/debian/upstream/metadata
/tmp/.tmpASqYcr/debian/changelog
/tmp/.tmpASqYcr/debian/copyright
/tmp/.tmpASqYcr/debian/changelog
/tmp/.tmpASqYcr/debian/compat
/tmp/.tmpASqYcr/debian/control
/tmp/.tmpASqYcr/debian/control
/tmp/.tmpASqYcr/debian/changelog
/tmp/.tmpASqYcr/debian/control
/tmp/.tmpASqYcr/debian/changelog
/tmp/.tmpASqYcr/debian/rules
/tmp/.tmpASqYcr/debian/changelog
/tmp/.tmpASqYcr/debian/changelog
/tmp/.tmpASqYcr/debian/changelog
/tmp/.tmpASqYcr/debian/changelog
/tmp/.tmpASqYcr/debian/changelog
/tmp/.tmpASqYcr/debian/changelog
/tmp/.tmpASqYcr/debian/changelog
/tmp/.tmpASqYcr/debian/control
/tmp/.tmpASqYcr/debian/changelog
/tmp/.tmpASqYcr/debian/control
/tmp/.tmpASqYcr/debian/changelog
/tmp/.tmpASqYcr/debian/control
/tmp/.tmpASqYcr/debian/control
/tmp/.tmpASqYcr/debian/changelog
/tmp/.tmpASqYcr/debian/changelog
/tmp/.tmpASqYcr/debian/changelog
/tmp/.tmpASqYcr/debian/rules
/tmp/.tmpASqYcr/debian/changelog
/tmp/.tmpASqYcr/debian/rules
/tmp/.tmpASqYcr/debian/changelog
/tmp/.tmpASqYcr/debian/changelog
/tmp/.tmpASqYcr/debian/rules
/tmp/.tmpASqYcr/debian/changelog
/tmp/.tmpASqYcr/debian/rules
/tmp/.tmpASqYcr/debian/changelog
/tmp/.tmpASqYcr/debian/rules
/tmp/.tmpASqYcr/debian/changelog
/tmp/.tmpASqYcr/debian/rules
/tmp/.tmpASqYcr/debian/changelog
/tmp/.tmpASqYcr/debian/compat
/tmp/.tmpASqYcr/debian/control
/tmp/.tmpASqYcr/debian/rules
/tmp/.tmpASqYcr/debian/changelog
/tmp/.tmpASqYcr/debian/rules
/tmp/.tmpASqYcr/debian/changelog
/tmp/.tmpASqYcr/debian/compat
/tmp/.tmpASqYcr/debian/control
/tmp/.tmpASqYcr/debian/rules
/tmp/.tmpASqYcr/debian/changelog
/tmp/.tmpASqYcr/debian/changelog
/tmp/.tmpASqYcr/debian/changelog
/tmp/.tmpASqYcr/debian/changelog
/tmp/.tmpASqYcr/debian/watch
/tmp/.tmpASqYcr/debian/changelog
/tmp/.tmpASqYcr/debian/changelog
/tmp/.tmpASqYcr/debian/watch
/tmp/.tmpASqYcr/debian/libssl3t64.lintian-overrides
/tmp/.tmpASqYcr/debian/openssl.lintian-overrides
/tmp/.tmpASqYcr/debian/watch
/tmp/.tmpASqYcr/debian/watch/.gitignore
/tmp/.tmpASqYcr/debian/README.debian
/tmp/.tmpASqYcr/debian/changelog
/tmp/.tmpASqYcr/debian/control
/tmp/.tmpASqYcr/debian/gbp.conf
/tmp/.tmpASqYcr/debian/libcrypto3-udeb.dirs
/tmp/.tmpASqYcr/debian/libssl-dev.dirs
/tmp/.tmpASqYcr/debian/libssl-dev.install
/tmp/.tmpASqYcr/debian/libssl-doc.docs
/tmp/.tmpASqYcr/debian/libssl-doc.install
/tmp/.tmpASqYcr/debian/libssl3-udeb.dirs
/tmp/.tmpASqYcr/debian/libssl3t64.NEWS
/tmp/.tmpASqYcr/debian/libssl3t64.install
/tmp/.tmpASqYcr/debian/libssl3t64.lintian-overrides
/tmp/.tmpASqYcr/debian/libssl3t64.symbols
/tmp/.tmpASqYcr/debian/not-installed
/tmp/.tmpASqYcr/debian/openssl-provider-fips.install
/tmp/.tmpASqYcr/debian/openssl-provider-legacy.install
/tmp/.tmpASqYcr/debian/openssl.NEWS
/tmp/.tmpASqYcr/debian/openssl.dirs
/tmp/.tmpASqYcr/debian/openssl.docs
/tmp/.tmpASqYcr/debian/openssl.install
/tmp/.tmpASqYcr/debian/openssl.lintian-overrides
/tmp/.tmpASqYcr/debian/openssl.postinst
/tmp/.tmpASqYcr/debian/patches/Configure-allow-to-enable-ktls-if-target-does-not-start-w.patch
/tmp/.tmpASqYcr/debian/patches/debian-targets.patch
/tmp/.tmpASqYcr/debian/patches/man-section.patch
/tmp/.tmpASqYcr/debian/patches/series
/tmp/.tmpASqYcr/debian/rules
/tmp/.tmpASqYcr/debian/salsa-ci.yml
/tmp/.tmpASqYcr/debian/source/format
/tmp/.tmpASqYcr/debian/tests/25-test_verify.t
/tmp/.tmpASqYcr/debian/tests/OpenSSL/Test.pm
/tmp/.tmpASqYcr/debian/tests/control
/tmp/.tmpASqYcr/debian/tests/run-25-test-verify
/tmp/.tmpASqYcr/debian/upstream/metadata
/tmp/.tmpASqYcr/debian/upstream/signing-key.asc
/tmp/.tmpASqYcr/debian/watch
/tmp/.tmpASqYcr/debian/watch
/tmp/.tmpASqYcr/debian/copyright
/tmp/.tmpASqYcr/debian/README.debian
/tmp/.tmpASqYcr/debian/changelog
/tmp/.tmpASqYcr/debian/control
/tmp/.tmpASqYcr/debian/gbp.conf
/tmp/.tmpASqYcr/debian/libcrypto3-udeb.dirs
/tmp/.tmpASqYcr/debian/libssl-dev.dirs
/tmp/.tmpASqYcr/debian/libssl-dev.install
/tmp/.tmpASqYcr/debian/libssl-doc.docs
/tmp/.tmpASqYcr/debian/libssl-doc.install
/tmp/.tmpASqYcr/debian/libssl3-udeb.dirs
/tmp/.tmpASqYcr/debian/libssl3t64.NEWS
/tmp/.tmpASqYcr/debian/libssl3t64.install
/tmp/.tmpASqYcr/debian/libssl3t64.lintian-overrides
/tmp/.tmpASqYcr/debian/libssl3t64.symbols
/tmp/.tmpASqYcr/debian/not-installed
/tmp/.tmpASqYcr/debian/openssl-provider-fips.install
/tmp/.tmpASqYcr/debian/openssl-provider-legacy.install
/tmp/.tmpASqYcr/debian/openssl.NEWS
/tmp/.tmpASqYcr/debian/openssl.dirs
/tmp/.tmpASqYcr/debian/openssl.docs
/tmp/.tmpASqYcr/debian/openssl.install
/tmp/.tmpASqYcr/debian/openssl.lintian-overrides
/tmp/.tmpASqYcr/debian/openssl.postinst
/tmp/.tmpASqYcr/debian/patches/Configure-allow-to-enable-ktls-if-target-does-not-start-w.patch
/tmp/.tmpASqYcr/debian/patches/debian-targets.patch
/tmp/.tmpASqYcr/debian/patches/man-section.patch
/tmp/.tmpASqYcr/debian/patches/series
/tmp/.tmpASqYcr/debian/rules
/tmp/.tmpASqYcr/debian/salsa-ci.yml
/tmp/.tmpASqYcr/debian/source/format
/tmp/.tmpASqYcr/debian/tests/25-test_verify.t
/tmp/.tmpASqYcr/debian/tests/OpenSSL/Test.pm
/tmp/.tmpASqYcr/debian/tests/control
/tmp/.tmpASqYcr/debian/tests/run-25-test-verify
/tmp/.tmpASqYcr/debian/upstream/metadata
/tmp/.tmpASqYcr/debian/upstream/signing-key.asc
/tmp/.tmpASqYcr/debian/watch
/tmp/.tmpASqYcr/debian/watch
/tmp/.tmpASqYcr/debian/copyright
/tmp/.tmpASqYcr/debian/watch
/tmp/.tmpASqYcr/debian/watch
/tmp/.tmpASqYcr/debian/changelog
/tmp/.tmpASqYcr/debian/watch
/tmp/.tmpASqYcr/debian/changelog
/tmp/.tmpASqYcr/debian/watch
/tmp/.tmpASqYcr/debian/changelog
/tmp/.tmpASqYcr/debian/watch
/tmp/.tmpASqYcr/debian/changelog
/tmp/.tmpASqYcr/debian/changelog
/tmp/.tmpASqYcr/debian/changelog
/tmp/.tmpASqYcr/debian/watch
/tmp/.tmpASqYcr/debian/changelog
/tmp/.tmpASqYcr/debian/watch
/tmp/.tmpASqYcr/debian/changelog
/tmp/.tmpASqYcr/debian/rules
/tmp/.tmpASqYcr/debian/changelog
/tmp/.tmpASqYcr/debian/compat
/tmp/.tmpASqYcr/debian/control
/tmp/.tmpASqYcr/debian/rules
/tmp/.tmpASqYcr/debian/changelog
/tmp/.tmpASqYcr/debian/patches/series
/tmp/.tmpASqYcr/debian/patches/debian-targets.patch
/tmp/.tmpASqYcr/debian/patches/man-section.patch
/tmp/.tmpASqYcr/debian/patches/Configure-allow-to-enable-ktls-if-target-does-not-start-w.patch
/tmp/.tmpASqYcr/debian/changelog
/tmp/.tmpASqYcr/debian/copyright
/tmp/.tmpASqYcr/debian/changelog
/tmp/.tmpASqYcr/debian/changelog
/tmp/.tmpASqYcr/debian/changelog
/tmp/.tmpASqYcr/debian/rules
/tmp/.tmpASqYcr/debian/changelog
/tmp/.tmpASqYcr/debian/source/format
/tmp/.tmpASqYcr/debian/rules
/tmp/.tmpASqYcr/debian/changelog
/tmp/.tmpASqYcr/debian/control
/tmp/.tmpASqYcr/debian/changelog
/tmp/.tmpASqYcr/debian/control
/tmp/.tmpASqYcr/debian/changelog
/tmp/.tmpASqYcr/debian/libssl3t64.lintian-overrides
/tmp/.tmpASqYcr/debian/openssl.lintian-overrides
/tmp/.tmpASqYcr/debian/changelog
/tmp/.tmpASqYcr/debian/patches/series
/tmp/.tmpASqYcr/debian/changelog
/tmp/.tmpASqYcr/debian/changelog
/tmp/.tmpASqYcr/debian/tests/control
/tmp/.tmpASqYcr/debian/changelog
/tmp/.tmpASqYcr/debian/control
/tmp/.tmpASqYcr/debian/changelog
/tmp/.tmpASqYcr/debian/changelog
/tmp/.tmpASqYcr/debian/control
/tmp/.tmpASqYcr/debian/changelog
/tmp/.tmpASqYcr/debian/control
/tmp/.tmpASqYcr/debian/changelog
/tmp/.tmpASqYcr/debian/copyright
/tmp/.tmpASqYcr/debian/changelog
/tmp/.tmpASqYcr/debian/tests/control
/tmp/.tmpASqYcr/debian/changelog
/tmp/.tmpASqYcr/debian/upstream/metadata
/tmp/.tmpASqYcr/debian/changelog
/tmp/.tmpASqYcr/debian/changelog
/tmp/.tmpASqYcr/debian/rules
/tmp/.tmpASqYcr/debian/control
/tmp/.tmpASqYcr/debian/control
/tmp/.tmpASqYcr/debian/changelog
/tmp/.tmpASqYcr/debian/control
/tmp/.tmpASqYcr/debian/changelog
/tmp/.tmpASqYcr/debian/copyright
/tmp/.tmpASqYcr/debian/changelog
/tmp/.tmpASqYcr/debian/control
/tmp/.tmpASqYcr/debian/changelog
/tmp/.tmpASqYcr/debian/control
/tmp/.tmpASqYcr/debian/changelog
/tmp/.tmpASqYcr/debian/control
/tmp/.tmpASqYcr/debian/changelog
/tmp/.tmpASqYcr/debian/changelog
/tmp/.tmpASqYcr/debian/libssl3t64.lintian-overrides
/tmp/.tmpASqYcr/debian/openssl.lintian-overrides
/tmp/.tmpASqYcr/debian/changelog
/tmp/.tmpASqYcr/debian/copyright
/tmp/.tmpASqYcr/debian/changelog
/tmp/.tmpASqYcr/debian/control
/tmp/.tmpASqYcr/debian/changelog
/tmp/.tmpASqYcr/debian/control
/tmp/.tmpASqYcr/debian/changelog
/tmp/.tmpASqYcr/debian/control
/tmp/.tmpASqYcr/debian/changelog
/tmp/.tmpASqYcr/debian/copyright
/tmp/.tmpASqYcr/debian/changelog
/tmp/.tmpASqYcr/debian/control
/tmp/.tmpASqYcr/debian/changelog
/tmp/.tmpASqYcr/debian/openssl.postinst
/tmp/.tmpASqYcr/debian/changelog
/tmp/.tmpASqYcr/debian/preinst
/tmp/.tmpASqYcr/debian/prerm
/tmp/.tmpASqYcr/debian/postinst
/tmp/.tmpASqYcr/debian/config
/tmp/.tmpASqYcr/debian/postrm
/tmp/.tmpASqYcr/debian/changelog
/tmp/.tmpASqYcr/debian/libssl3t64.lintian-overrides
/tmp/.tmpASqYcr/debian/openssl.lintian-overrides
/tmp/.tmpASqYcr/debian/changelog
/tmp/.tmpASqYcr/debian/rules
/tmp/.tmpASqYcr/debian/libssl3t64.lintian-overrides
/tmp/.tmpASqYcr/debian/openssl.lintian-overrides
/tmp/.tmpASqYcr/debian/libssl3t64.lintian-overrides
/tmp/.tmpASqYcr/debian/openssl.lintian-overrides
/tmp/.tmpASqYcr/debian/libssl3t64.lintian-overrides
/tmp/.tmpASqYcr/debian/openssl.lintian-overrides
/tmp/.tmpASqYcr/debian/libssl3t64.lintian-overrides
/tmp/.tmpASqYcr/debian/openssl.lintian-overrides
/tmp/.tmpASqYcr/debian/libssl3t64.lintian-overrides
/tmp/.tmpASqYcr/debian/openssl.lintian-overrides
/tmp/.tmpASqYcr/debian/libssl3t64.lintian-overrides
/tmp/.tmpASqYcr/debian/openssl.lintian-overrides
/tmp/.tmpASqYcr/debian/control
/tmp/.tmpASqYcr/debian/changelog
/tmp/.tmpASqYcr/debian/changelog
/tmp/.tmpASqYcr/debian/control
/tmp/.tmpASqYcr/debian/changelog
/tmp/.tmpASqYcr/debian/changelog
/tmp/.tmpASqYcr/debian/changelog
/tmp/.tmpASqYcr/debian/changelog
/tmp/.tmpASqYcr/debian/changelog
/tmp/.tmpASqYcr/debian/control
/tmp/.tmpASqYcr/debian/changelog
/tmp/.tmpASqYcr/debian/control
/tmp/.tmpASqYcr/debian/changelog
/tmp/.tmpASqYcr/debian/control
/tmp/.tmpASqYcr/debian/control
/tmp/.tmpASqYcr/debian/control
/tmp/.tmpASqYcr/debian/README.debian
/tmp/.tmpASqYcr/debian/changelog
/tmp/.tmpASqYcr/debian/control
/tmp/.tmpASqYcr/debian/control
/tmp/.tmpASqYcr/debian/gbp.conf
/tmp/.tmpASqYcr/debian/libcrypto3-udeb.dirs
/tmp/.tmpASqYcr/debian/libssl-dev.dirs
/tmp/.tmpASqYcr/debian/libssl-dev.install
/tmp/.tmpASqYcr/debian/libssl-doc.docs
/tmp/.tmpASqYcr/debian/libssl-doc.install
/tmp/.tmpASqYcr/debian/libssl3-udeb.dirs
/tmp/.tmpASqYcr/debian/libssl3t64.NEWS
/tmp/.tmpASqYcr/debian/libssl3t64.install
/tmp/.tmpASqYcr/debian/libssl3t64.lintian-overrides
/tmp/.tmpASqYcr/debian/libssl3t64.symbols
/tmp/.tmpASqYcr/debian/not-installed
/tmp/.tmpASqYcr/debian/openssl-provider-fips.install
/tmp/.tmpASqYcr/debian/openssl-provider-legacy.install
/tmp/.tmpASqYcr/debian/openssl.NEWS
/tmp/.tmpASqYcr/debian/openssl.dirs
/tmp/.tmpASqYcr/debian/openssl.docs
/tmp/.tmpASqYcr/debian/openssl.install
/tmp/.tmpASqYcr/debian/openssl.lintian-overrides
/tmp/.tmpASqYcr/debian/openssl.postinst
/tmp/.tmpASqYcr/debian/patches/Configure-allow-to-enable-ktls-if-target-does-not-start-w.patch
/tmp/.tmpASqYcr/debian/patches/debian-targets.patch
/tmp/.tmpASqYcr/debian/patches/man-section.patch
/tmp/.tmpASqYcr/debian/patches/series
/tmp/.tmpASqYcr/debian/rules
/tmp/.tmpASqYcr/debian/salsa-ci.yml
/tmp/.tmpASqYcr/debian/source/format
/tmp/.tmpASqYcr/debian/tests/25-test_verify.t
/tmp/.tmpASqYcr/debian/tests/OpenSSL/Test.pm
/tmp/.tmpASqYcr/debian/tests/control
/tmp/.tmpASqYcr/debian/tests/run-25-test-verify
/tmp/.tmpASqYcr/debian/upstream/metadata
/tmp/.tmpASqYcr/debian/upstream/signing-key.asc
/tmp/.tmpASqYcr/debian/copyright
/tmp/.tmpASqYcr/debian/watch
/tmp/.tmpASqYcr/debian/control
/tmp/.tmpASqYcr/debian/tests
/tmp/.tmpASqYcr/debian/tests/OpenSSL
/tmp/.tmpASqYcr/debian/upstream
/tmp/.tmpASqYcr/debian/source
/tmp/.tmpASqYcr/debian/patches
/tmp/.tmpASqYcr/debian/changelog
/tmp/.tmpASqYcr/debian/control
/tmp/.tmpASqYcr/debian/changelog
/tmp/.tmpASqYcr/debian/copyright
/tmp/.tmpASqYcr/debian/changelog
/tmp/.tmpASqYcr/debian/tests/control
/tmp/.tmpASqYcr/debian/changelog
/tmp/.tmpASqYcr/debian/control
/tmp/.tmpASqYcr/debian/changelog
/tmp/.tmpASqYcr/debian/control
/tmp/.tmpASqYcr/debian/changelog
/tmp/.tmpASqYcr/debian/libssl3t64.lintian-overrides
/tmp/.tmpASqYcr/debian/openssl.lintian-overrides
/tmp/.tmpASqYcr/debian/copyright
/tmp/.tmpASqYcr/debian/changelog
/tmp/.tmpASqYcr/debian/libssl3t64.lintian-overrides
/tmp/.tmpASqYcr/debian/openssl.lintian-overrides
/tmp/.tmpASqYcr/debian/openssl.lintian-overrides
/tmp/.tmpASqYcr/debian/libssl3t64.lintian-overrides
/tmp/.tmpASqYcr/debian/openssl.lintian-overrides
/tmp/.tmpASqYcr/debian/openssl.lintian-overrides/.gitignore
/tmp/.tmpASqYcr/debian/README.debian
/tmp/.tmpASqYcr/debian/changelog
/tmp/.tmpASqYcr/debian/control
/tmp/.tmpASqYcr/debian/gbp.conf
/tmp/.tmpASqYcr/debian/libcrypto3-udeb.dirs
/tmp/.tmpASqYcr/debian/libssl-dev.dirs
/tmp/.tmpASqYcr/debian/libssl-dev.install
/tmp/.tmpASqYcr/debian/libssl-doc.docs
/tmp/.tmpASqYcr/debian/libssl-doc.install
/tmp/.tmpASqYcr/debian/libssl3-udeb.dirs
/tmp/.tmpASqYcr/debian/libssl3t64.NEWS
/tmp/.tmpASqYcr/debian/libssl3t64.install
/tmp/.tmpASqYcr/debian/libssl3t64.lintian-overrides
/tmp/.tmpASqYcr/debian/libssl3t64.symbols
/tmp/.tmpASqYcr/debian/not-installed
/tmp/.tmpASqYcr/debian/openssl-provider-fips.install
/tmp/.tmpASqYcr/debian/openssl-provider-legacy.install
/tmp/.tmpASqYcr/debian/openssl.NEWS
/tmp/.tmpASqYcr/debian/openssl.dirs
/tmp/.tmpASqYcr/debian/openssl.docs
/tmp/.tmpASqYcr/debian/openssl.install
/tmp/.tmpASqYcr/debian/openssl.lintian-overrides
/tmp/.tmpASqYcr/debian/openssl.lintian-overrides
/tmp/.tmpASqYcr/debian/openssl.postinst
/tmp/.tmpASqYcr/debian/patches/Configure-allow-to-enable-ktls-if-target-does-not-start-w.patch
/tmp/.tmpASqYcr/debian/patches/debian-targets.patch
/tmp/.tmpASqYcr/debian/patches/man-section.patch
/tmp/.tmpASqYcr/debian/patches/series
/tmp/.tmpASqYcr/debian/rules
/tmp/.tmpASqYcr/debian/salsa-ci.yml
/tmp/.tmpASqYcr/debian/source/format
/tmp/.tmpASqYcr/debian/tests/25-test_verify.t
/tmp/.tmpASqYcr/debian/tests/OpenSSL/Test.pm
/tmp/.tmpASqYcr/debian/tests/control
/tmp/.tmpASqYcr/debian/tests/run-25-test-verify
/tmp/.tmpASqYcr/debian/upstream/metadata
/tmp/.tmpASqYcr/debian/upstream/signing-key.asc
/tmp/.tmpASqYcr/debian/copyright
/tmp/.tmpASqYcr/debian/watch
/tmp/.tmpASqYcr/debian/README.debian
/tmp/.tmpASqYcr/debian/changelog
/tmp/.tmpASqYcr/debian/control
/tmp/.tmpASqYcr/debian/gbp.conf
/tmp/.tmpASqYcr/debian/libcrypto3-udeb.dirs
/tmp/.tmpASqYcr/debian/libssl-dev.dirs
/tmp/.tmpASqYcr/debian/libssl-dev.install
/tmp/.tmpASqYcr/debian/libssl-doc.docs
/tmp/.tmpASqYcr/debian/libssl-doc.install
/tmp/.tmpASqYcr/debian/libssl3-udeb.dirs
/tmp/.tmpASqYcr/debian/libssl3t64.NEWS
/tmp/.tmpASqYcr/debian/libssl3t64.install
/tmp/.tmpASqYcr/debian/libssl3t64.lintian-overrides
/tmp/.tmpASqYcr/debian/libssl3t64.symbols
/tmp/.tmpASqYcr/debian/not-installed
/tmp/.tmpASqYcr/debian/openssl-provider-fips.install
/tmp/.tmpASqYcr/debian/openssl-provider-legacy.install
/tmp/.tmpASqYcr/debian/openssl.NEWS
/tmp/.tmpASqYcr/debian/openssl.dirs
/tmp/.tmpASqYcr/debian/openssl.docs
/tmp/.tmpASqYcr/debian/openssl.install
/tmp/.tmpASqYcr/debian/openssl.lintian-overrides
/tmp/.tmpASqYcr/debian/openssl.lintian-overrides
/tmp/.tmpASqYcr/debian/openssl.postinst
/tmp/.tmpASqYcr/debian/patches/Configure-allow-to-enable-ktls-if-target-does-not-start-w.patch
/tmp/.tmpASqYcr/debian/patches/debian-targets.patch
/tmp/.tmpASqYcr/debian/patches/man-section.patch
/tmp/.tmpASqYcr/debian/patches/series
/tmp/.tmpASqYcr/debian/rules
/tmp/.tmpASqYcr/debian/salsa-ci.yml
/tmp/.tmpASqYcr/debian/source/format
/tmp/.tmpASqYcr/debian/tests/25-test_verify.t
/tmp/.tmpASqYcr/debian/tests/OpenSSL/Test.pm
/tmp/.tmpASqYcr/debian/tests/control
/tmp/.tmpASqYcr/debian/tests/run-25-test-verify
/tmp/.tmpASqYcr/debian/upstream/metadata
/tmp/.tmpASqYcr/debian/upstream/signing-key.asc
/tmp/.tmpASqYcr/debian/copyright
/tmp/.tmpASqYcr/debian/watch
/tmp/.tmpASqYcr/debian/openssl.lintian-overrides
/tmp/.tmpASqYcr/debian/openssl.lintian-overrides
/tmp/.tmpASqYcr/debian/changelog
/tmp/.tmpASqYcr/debian/control
/tmp/.tmpASqYcr/debian/changelog
/tmp/.tmpASqYcr/debian/changelog
/tmp/.tmpASqYcr/debian/control
/tmp/.tmpASqYcr/debian/changelog
/tmp/.tmpASqYcr/debian/compat
/tmp/.tmpASqYcr/debian/changelog
/tmp/.tmpASqYcr/debian/control
/tmp/.tmpASqYcr/debian/changelog
/tmp/.tmpASqYcr/debian/rules
/tmp/.tmpASqYcr/debian/rules
/tmp/.tmpASqYcr/debian/control
/tmp/.tmpASqYcr/debian/changelog
/tmp/.tmpASqYcr/debian/control
/tmp/.tmpASqYcr/debian/changelog
/tmp/.tmpASqYcr/debian/changelog
/tmp/.tmpASqYcr/debian/patches/series
/tmp/.tmpASqYcr/debian/patches
/tmp/.tmpASqYcr/debian/changelog
/tmp/.tmpASqYcr/debian/changelog
/tmp/.tmpASqYcr/debian/changelog
/tmp/.tmpASqYcr/debian/control
/tmp/.tmpASqYcr/debian/changelog
/tmp/.tmpASqYcr/debian/changelog
/tmp/.tmpASqYcr/debian/libssl3t64.lintian-overrides
/tmp/.tmpASqYcr/debian/openssl.lintian-overrides
/tmp/.tmpASqYcr/debian/changelog
/tmp/.tmpASqYcr/debian/changelog/.gitignore
/tmp/.tmpASqYcr/debian/README.debian
/tmp/.tmpASqYcr/debian/changelog
/tmp/.tmpASqYcr/debian/changelog
/tmp/.tmpASqYcr/debian/control
/tmp/.tmpASqYcr/debian/gbp.conf
/tmp/.tmpASqYcr/debian/libcrypto3-udeb.dirs
/tmp/.tmpASqYcr/debian/libssl-dev.dirs
/tmp/.tmpASqYcr/debian/libssl-dev.install
/tmp/.tmpASqYcr/debian/libssl-doc.docs
/tmp/.tmpASqYcr/debian/libssl-doc.install
/tmp/.tmpASqYcr/debian/libssl3-udeb.dirs
/tmp/.tmpASqYcr/debian/libssl3t64.NEWS
/tmp/.tmpASqYcr/debian/libssl3t64.install
/tmp/.tmpASqYcr/debian/libssl3t64.lintian-overrides
/tmp/.tmpASqYcr/debian/libssl3t64.symbols
/tmp/.tmpASqYcr/debian/not-installed
/tmp/.tmpASqYcr/debian/openssl-provider-fips.install
/tmp/.tmpASqYcr/debian/openssl-provider-legacy.install
/tmp/.tmpASqYcr/debian/openssl.NEWS
/tmp/.tmpASqYcr/debian/openssl.dirs
/tmp/.tmpASqYcr/debian/openssl.docs
/tmp/.tmpASqYcr/debian/openssl.install
/tmp/.tmpASqYcr/debian/openssl.postinst
/tmp/.tmpASqYcr/debian/patches/Configure-allow-to-enable-ktls-if-target-does-not-start-w.patch
/tmp/.tmpASqYcr/debian/patches/debian-targets.patch
/tmp/.tmpASqYcr/debian/patches/man-section.patch
/tmp/.tmpASqYcr/debian/patches/series
/tmp/.tmpASqYcr/debian/rules
/tmp/.tmpASqYcr/debian/salsa-ci.yml
/tmp/.tmpASqYcr/debian/source/format
/tmp/.tmpASqYcr/debian/tests/25-test_verify.t
/tmp/.tmpASqYcr/debian/tests/OpenSSL/Test.pm
/tmp/.tmpASqYcr/debian/tests/control
/tmp/.tmpASqYcr/debian/tests/run-25-test-verify
/tmp/.tmpASqYcr/debian/upstream/metadata
/tmp/.tmpASqYcr/debian/upstream/signing-key.asc
/tmp/.tmpASqYcr/debian/copyright
/tmp/.tmpASqYcr/debian/watch
/tmp/.tmpASqYcr/debian/openssl.lintian-overrides
/tmp/.tmpASqYcr/debian/changelog
/tmp/.tmpASqYcr/debian/README.debian
/tmp/.tmpASqYcr/debian/changelog
/tmp/.tmpASqYcr/debian/changelog
/tmp/.tmpASqYcr/debian/control
/tmp/.tmpASqYcr/debian/gbp.conf
/tmp/.tmpASqYcr/debian/libcrypto3-udeb.dirs
/tmp/.tmpASqYcr/debian/libssl-dev.dirs
/tmp/.tmpASqYcr/debian/libssl-dev.install
/tmp/.tmpASqYcr/debian/libssl-doc.docs
/tmp/.tmpASqYcr/debian/libssl-doc.install
/tmp/.tmpASqYcr/debian/libssl3-udeb.dirs
/tmp/.tmpASqYcr/debian/libssl3t64.NEWS
/tmp/.tmpASqYcr/debian/libssl3t64.install
/tmp/.tmpASqYcr/debian/libssl3t64.lintian-overrides
/tmp/.tmpASqYcr/debian/libssl3t64.symbols
/tmp/.tmpASqYcr/debian/not-installed
/tmp/.tmpASqYcr/debian/openssl-provider-fips.install
/tmp/.tmpASqYcr/debian/openssl-provider-legacy.install
/tmp/.tmpASqYcr/debian/openssl.NEWS
/tmp/.tmpASqYcr/debian/openssl.dirs
/tmp/.tmpASqYcr/debian/openssl.docs
/tmp/.tmpASqYcr/debian/openssl.install
/tmp/.tmpASqYcr/debian/openssl.postinst
/tmp/.tmpASqYcr/debian/patches/Configure-allow-to-enable-ktls-if-target-does-not-start-w.patch
/tmp/.tmpASqYcr/debian/patches/debian-targets.patch
/tmp/.tmpASqYcr/debian/patches/man-section.patch
/tmp/.tmpASqYcr/debian/patches/series
/tmp/.tmpASqYcr/debian/rules
/tmp/.tmpASqYcr/debian/salsa-ci.yml
/tmp/.tmpASqYcr/debian/source/format
/tmp/.tmpASqYcr/debian/tests/25-test_verify.t
/tmp/.tmpASqYcr/debian/tests/OpenSSL/Test.pm
/tmp/.tmpASqYcr/debian/tests/control
/tmp/.tmpASqYcr/debian/tests/run-25-test-verify
/tmp/.tmpASqYcr/debian/upstream/metadata
/tmp/.tmpASqYcr/debian/upstream/signing-key.asc
/tmp/.tmpASqYcr/debian/copyright
/tmp/.tmpASqYcr/debian/watch
/tmp/.tmpASqYcr/debian/openssl.lintian-overrides
/tmp/.tmpASqYcr/debian/changelog
/tmp/.tmpASqYcr/debian/changelog
/tmp/.tmpASqYcr/debian/changelog
/tmp/.tmpASqYcr/debian/control
/tmp/.tmpASqYcr/debian/changelog
/tmp/.tmpASqYcr/debian/watch
/tmp/.tmpASqYcr/debian/upstream/signing-key.asc
/tmp/.tmpASqYcr/debian/changelog
/tmp/.tmpASqYcr/debian/changelog
/tmp/.tmpASqYcr/debian/changelog
/tmp/.tmpASqYcr/debian/upstream/signing-key.asc
/tmp/.tmpASqYcr/debian/upstream/signing-key.asc
/tmp/.tmpASqYcr/debian/upstream/.gitignore
/tmp/.tmpASqYcr/debian/upstream/signing-key.asc/.gitignore
/tmp/.tmpASqYcr/debian/README.debian
/tmp/.tmpASqYcr/debian/control
/tmp/.tmpASqYcr/debian/gbp.conf
/tmp/.tmpASqYcr/debian/libcrypto3-udeb.dirs
/tmp/.tmpASqYcr/debian/libssl-dev.dirs
/tmp/.tmpASqYcr/debian/libssl-dev.install
/tmp/.tmpASqYcr/debian/libssl-doc.docs
/tmp/.tmpASqYcr/debian/libssl-doc.install
/tmp/.tmpASqYcr/debian/libssl3-udeb.dirs
/tmp/.tmpASqYcr/debian/libssl3t64.NEWS
/tmp/.tmpASqYcr/debian/libssl3t64.install
/tmp/.tmpASqYcr/debian/libssl3t64.lintian-overrides
/tmp/.tmpASqYcr/debian/libssl3t64.symbols
/tmp/.tmpASqYcr/debian/not-installed
/tmp/.tmpASqYcr/debian/openssl-provider-fips.install
/tmp/.tmpASqYcr/debian/openssl-provider-legacy.install
/tmp/.tmpASqYcr/debian/openssl.NEWS
/tmp/.tmpASqYcr/debian/openssl.dirs
/tmp/.tmpASqYcr/debian/openssl.docs
/tmp/.tmpASqYcr/debian/openssl.install
/tmp/.tmpASqYcr/debian/openssl.postinst
/tmp/.tmpASqYcr/debian/patches/Configure-allow-to-enable-ktls-if-target-does-not-start-w.patch
/tmp/.tmpASqYcr/debian/patches/debian-targets.patch
/tmp/.tmpASqYcr/debian/patches/man-section.patch
/tmp/.tmpASqYcr/debian/patches/series
/tmp/.tmpASqYcr/debian/rules
/tmp/.tmpASqYcr/debian/salsa-ci.yml
/tmp/.tmpASqYcr/debian/source/format
/tmp/.tmpASqYcr/debian/tests/25-test_verify.t
/tmp/.tmpASqYcr/debian/tests/OpenSSL/Test.pm
/tmp/.tmpASqYcr/debian/tests/control
/tmp/.tmpASqYcr/debian/tests/run-25-test-verify
/tmp/.tmpASqYcr/debian/upstream/metadata
/tmp/.tmpASqYcr/debian/upstream/signing-key.asc
/tmp/.tmpASqYcr/debian/upstream/signing-key.asc
/tmp/.tmpASqYcr/debian/copyright
/tmp/.tmpASqYcr/debian/watch
/tmp/.tmpASqYcr/debian/openssl.lintian-overrides
/tmp/.tmpASqYcr/debian/changelog
/tmp/.tmpASqYcr/debian/README.debian
/tmp/.tmpASqYcr/debian/control
/tmp/.tmpASqYcr/debian/gbp.conf
/tmp/.tmpASqYcr/debian/libcrypto3-udeb.dirs
/tmp/.tmpASqYcr/debian/libssl-dev.dirs
/tmp/.tmpASqYcr/debian/libssl-dev.install
/tmp/.tmpASqYcr/debian/libssl-doc.docs
/tmp/.tmpASqYcr/debian/libssl-doc.install
/tmp/.tmpASqYcr/debian/libssl3-udeb.dirs
/tmp/.tmpASqYcr/debian/libssl3t64.NEWS
/tmp/.tmpASqYcr/debian/libssl3t64.install
/tmp/.tmpASqYcr/debian/libssl3t64.lintian-overrides
/tmp/.tmpASqYcr/debian/libssl3t64.symbols
/tmp/.tmpASqYcr/debian/not-installed
/tmp/.tmpASqYcr/debian/openssl-provider-fips.install
/tmp/.tmpASqYcr/debian/openssl-provider-legacy.install
/tmp/.tmpASqYcr/debian/openssl.NEWS
/tmp/.tmpASqYcr/debian/openssl.dirs
/tmp/.tmpASqYcr/debian/openssl.docs
/tmp/.tmpASqYcr/debian/openssl.install
/tmp/.tmpASqYcr/debian/openssl.postinst
/tmp/.tmpASqYcr/debian/patches/Configure-allow-to-enable-ktls-if-target-does-not-start-w.patch
/tmp/.tmpASqYcr/debian/patches/debian-targets.patch
/tmp/.tmpASqYcr/debian/patches/man-section.patch
/tmp/.tmpASqYcr/debian/patches/series
/tmp/.tmpASqYcr/debian/rules
/tmp/.tmpASqYcr/debian/salsa-ci.yml
/tmp/.tmpASqYcr/debian/source/format
/tmp/.tmpASqYcr/debian/tests/25-test_verify.t
/tmp/.tmpASqYcr/debian/tests/OpenSSL/Test.pm
/tmp/.tmpASqYcr/debian/tests/control
/tmp/.tmpASqYcr/debian/tests/run-25-test-verify
/tmp/.tmpASqYcr/debian/upstream/metadata
/tmp/.tmpASqYcr/debian/upstream/signing-key.asc
/tmp/.tmpASqYcr/debian/upstream/signing-key.asc
/tmp/.tmpASqYcr/debian/copyright
/tmp/.tmpASqYcr/debian/watch
/tmp/.tmpASqYcr/debian/openssl.lintian-overrides
/tmp/.tmpASqYcr/debian/changelog
/tmp/.tmpASqYcr/debian/upstream/signing-key.asc
/tmp/.tmpASqYcr/debian/upstream/signing-key.asc
/tmp/.tmpASqYcr/debian/changelog
/tmp/.tmpASqYcr/debian/changelog
/tmp/.tmpASqYcr/debian/control
/tmp/.tmpASqYcr/debian/changelog
/tmp/.tmpASqYcr/debian/source/format
/tmp/.tmpASqYcr/debian/changelog
/tmp/.tmpASqYcr/debian/patches/series
/tmp/.tmpASqYcr/debian/changelog
/tmp/.tmpASqYcr/debian/control
/tmp/.tmpASqYcr/debian/changelog
/tmp/.tmpASqYcr/debian/libssl3t64.lintian-overrides
/tmp/.tmpASqYcr/debian/openssl.lintian-overrides
/tmp/.tmpASqYcr/debian/changelog
/tmp/.tmpASqYcr/debian/changelog
/tmp/.tmpASqYcr/debian/control
/tmp/.tmpASqYcr/debian/control
/tmp/.tmpASqYcr/debian/control
/tmp/.tmpASqYcr/debian/README.debian
/tmp/.tmpASqYcr/debian/control
/tmp/.tmpASqYcr/debian/control
/tmp/.tmpASqYcr/debian/gbp.conf
/tmp/.tmpASqYcr/debian/libcrypto3-udeb.dirs
/tmp/.tmpASqYcr/debian/libssl-dev.dirs
/tmp/.tmpASqYcr/debian/libssl-dev.install
/tmp/.tmpASqYcr/debian/libssl-doc.docs
/tmp/.tmpASqYcr/debian/libssl-doc.install
/tmp/.tmpASqYcr/debian/libssl3-udeb.dirs
/tmp/.tmpASqYcr/debian/libssl3t64.NEWS
/tmp/.tmpASqYcr/debian/libssl3t64.install
/tmp/.tmpASqYcr/debian/libssl3t64.lintian-overrides
/tmp/.tmpASqYcr/debian/libssl3t64.symbols
/tmp/.tmpASqYcr/debian/not-installed
/tmp/.tmpASqYcr/debian/openssl-provider-fips.install
/tmp/.tmpASqYcr/debian/openssl-provider-legacy.install
/tmp/.tmpASqYcr/debian/openssl.NEWS
/tmp/.tmpASqYcr/debian/openssl.dirs
/tmp/.tmpASqYcr/debian/openssl.docs
/tmp/.tmpASqYcr/debian/openssl.install
/tmp/.tmpASqYcr/debian/openssl.postinst
/tmp/.tmpASqYcr/debian/patches/Configure-allow-to-enable-ktls-if-target-does-not-start-w.patch
/tmp/.tmpASqYcr/debian/patches/debian-targets.patch
/tmp/.tmpASqYcr/debian/patches/man-section.patch
/tmp/.tmpASqYcr/debian/patches/series
/tmp/.tmpASqYcr/debian/rules
/tmp/.tmpASqYcr/debian/salsa-ci.yml
/tmp/.tmpASqYcr/debian/source/format
/tmp/.tmpASqYcr/debian/tests/25-test_verify.t
/tmp/.tmpASqYcr/debian/tests/OpenSSL/Test.pm
/tmp/.tmpASqYcr/debian/tests/control
/tmp/.tmpASqYcr/debian/tests/run-25-test-verify
/tmp/.tmpASqYcr/debian/upstream/metadata
/tmp/.tmpASqYcr/debian/copyright
/tmp/.tmpASqYcr/debian/watch
/tmp/.tmpASqYcr/debian/openssl.lintian-overrides
/tmp/.tmpASqYcr/debian/changelog
/tmp/.tmpASqYcr/debian/upstream/signing-key.asc
/tmp/.tmpASqYcr/debian/control
/tmp/.tmpASqYcr/debian/tests
/tmp/.tmpASqYcr/debian/tests/OpenSSL
/tmp/.tmpASqYcr/debian/upstream
/tmp/.tmpASqYcr/debian/source
/tmp/.tmpASqYcr/debian/patches
/tmp/.tmpASqYcr/debian/changelog
/tmp/.tmpASqYcr/debian/compat
/tmp/.tmpASqYcr/debian/control
/tmp/.tmpASqYcr/debian/control
/tmp/.tmpASqYcr/debian/changelog
/tmp/.tmpASqYcr/debian/source/format
/tmp/.tmpASqYcr/debian/changelog
/tmp/.tmpASqYcr/debian/copyright
/tmp/.tmpASqYcr/debian/changelog
/tmp/.tmpASqYcr/debian/changelog
/tmp/.tmpASqYcr/debian/changelog
/tmp/.tmpASqYcr/debian/changelog
/tmp/.tmpASqYcr/debian/changelog
/tmp/.tmpASqYcr/debian/changelog
/tmp/.tmpASqYcr/debian/control
/tmp/.tmpASqYcr/debian/changelog
/tmp/.tmpASqYcr/debian/control
/tmp/.tmpASqYcr/debian/changelog
/tmp/.tmpASqYcr/debian/rules
/tmp/.tmpASqYcr/debian/changelog
/tmp/.tmpASqYcr/debian/control
/tmp/.tmpASqYcr/debian/changelog
/tmp/.tmpASqYcr/debian/changelog
/tmp/.tmpASqYcr/debian/control
/tmp/.tmpASqYcr/debian/changelog
/tmp/.tmpASqYcr/debian/rules
/tmp/.tmpASqYcr/debian/control
/tmp/.tmpASqYcr/debian/changelog
/tmp/.tmpASqYcr/debian/copyright
/tmp/.tmpASqYcr/debian/changelog
/tmp/.tmpASqYcr/debian/changelog
/tmp/.tmpASqYcr/debian/copyright
/tmp/.tmpASqYcr/debian/changelog
/tmp/.tmpASqYcr/debian/copyright
/tmp/.tmpASqYcr/debian/changelog
/tmp/.tmpASqYcr/debian/upstream/metadata
/tmp/.tmpASqYcr/debian/patches
/tmp/.tmpASqYcr/debian/watch
/tmp/.tmpASqYcr/debian/control
/tmp/.tmpASqYcr/debian/source/format
/tmp/.tmpASqYcr/debian/changelog
/tmp/.tmpASqYcr/debian/rules
/tmp/.tmpASqYcr/debian/copyright
/tmp/.tmpASqYcr/debian/patches/debian-targets.patch
/tmp/.tmpASqYcr/debian/patches/Configure-allow-to-enable-ktls-if-target-does-not-start-w.patch
/tmp/.tmpASqYcr/debian/patches/man-section.patch
/tmp/.tmpASqYcr/debian/control
/tmp/.tmpASqYcr/debian/copyright
/tmp/.tmpASqYcr/debian/changelog
/tmp/.tmpASqYcr/debian/upstream/metadata
/tmp/.tmpASqYcr/debian/changelog
/tmp/.tmpASqYcr/debian/changelog
/tmp/.tmpASqYcr/debian/libssl3t64.lintian-overrides
/tmp/.tmpASqYcr/debian/openssl.lintian-overrides
/tmp/.tmpASqYcr/debian/upstream/metadata
/tmp/.tmpASqYcr/debian/upstream/metadata
/tmp/.tmpASqYcr/debian/upstream/metadata
/tmp/.tmpASqYcr/debian/changelog
/tmp/.tmpASqYcr/debian/rules
/tmp/.tmpASqYcr/debian/changelog
/tmp/.tmpASqYcr/debian/compat
/tmp/.tmpASqYcr/debian/changelog
/tmp/.tmpASqYcr/debian/tests
/tmp/.tmpASqYcr/debian/tests/control
/tmp/.tmpASqYcr/debian/tests/run-25-test-verify
/tmp/.tmpASqYcr/debian/tests/25-test_verify.t
/tmp/.tmpASqYcr/debian/changelog
/tmp/.tmpASqYcr/debian/control
/tmp/.tmpASqYcr/debian/changelog
/tmp/.tmpASqYcr/debian/control
/tmp/.tmpASqYcr/debian/changelog
/tmp/.tmpASqYcr/debian/control
/tmp/.tmpASqYcr/debian/changelog
/tmp/.tmpASqYcr/debian/control
/tmp/.tmpASqYcr/debian/changelog
/tmp/.tmpASqYcr/debian/control
/tmp/.tmpASqYcr/debian/changelog
/tmp/.tmpASqYcr/debian/control
/tmp/.tmpASqYcr/debian/changelog
/tmp/.tmpASqYcr/debian/control
/tmp/.tmpASqYcr/debian/changelog
/tmp/.tmpASqYcr/debian/control
/tmp/.tmpASqYcr/debian/changelog
/tmp/.tmpASqYcr/debian/control
/tmp/.tmpASqYcr/debian/changelog
/tmp/.tmpASqYcr/debian/control
/tmp/.tmpASqYcr/debian/libssl3t64.lintian-overrides
/tmp/.tmpASqYcr/debian/openssl.lintian-overrides
/tmp/.tmpASqYcr/debian/changelog
/tmp/.tmpASqYcr/debian/control
/tmp/.tmpASqYcr/debian/changelog
/tmp/.tmpASqYcr/debian/control
/tmp/.tmpASqYcr/debian/changelog
/tmp/.tmpASqYcr/debian/changelog
/tmp/.tmpASqYcr/debian/control
/tmp/.tmpASqYcr/debian/changelog
/tmp/.tmpASqYcr/debian/control
/tmp/.tmpASqYcr/debian/changelog
/tmp/.tmpASqYcr/debian/control
